player_names,position,team,opp,minutes,possessions,fd_points,points,assists,rebounds,offensive_rebounds,defensive_rebounds,blocks,steals,fouls,turnovers,two_pt_attempts,two_pt_fg,three_pt_attempts,three_pt_fg,free_throw_attempts,free_throws_made,roster_pos,confirmed,double_doubles,triple_doubles,injury,site,fd_std,fd_25_percentile,fd_50_percentile,fd_75_percentile,fd_85_percentile,fd_95_percentile,fd_99_percentile,timestamp,date,slate_id,effective_fg_percentage,game_matchup
DeMar DeRozan,SF,CHI,DET,33.4809,68.8567,38.944,22.7687,4.461,3.884,0.787,3.097,0.618333,1.49967,2.435,1.531,14.9537,7.692,0.755333,0.377667,7.10633,6.25167,SF,False,0.0226667,0.000333333,,fd,10.1175,32.075,38.6,45.3,49.3,56.0,64.3,1699794194000,20231112,300e0f66-2bd7-4f3f-9756-85396a5cab6f,52.571666887452594,CHI -vs- DET
Alex Caruso,PG/SG,CHI,DET,21.8742,44.7413,22.1555,6.02367,2.665,3.34333,0.706667,2.63667,0.887667,2.10933,1.61533,0.868667,2.23233,1.219,2.23967,0.890333,1.19133,0.914667,PG/SG,False,0.00233333,0.0,Q,fd,8.58335,16.0,21.6,27.8,31.0,37.4,44.308,1699794194000,20231112,300e0f66-2bd7-4f3f-9756-85396a5cab6f,57.122081842576044,CHI -vs- DET
Ausar Thompson,SG,DET,CHI,34.4201,70.109,32.5028,11.6917,3.88167,8.10833,1.89667,6.21167,1.23767,1.255,2.85867,2.21933,7.40733,3.905,3.42333,0.745667,2.09767,1.64467,SG,False,0.210333,0.002,,fd,9.46394,25.7,32.1,38.8,42.4,49.0,55.7,1699794194000,20231112,300e0f66-2bd7-4f3f-9756-85396a5cab6f,46.38221955079376,DET -vs- CHI
Jevon Carter,PG/SG,CHI,DET,14.7172,29.9363,10.7934,5.10367,1.37967,1.27967,0.289667,0.99,0.27,0.614333,1.04533,0.568333,1.79733,0.824333,2.6,1.036,0.456,0.347,PG/SG,False,0.0,0.0,,fd,6.10149,6.2,10.1,14.225,17.2,21.705,27.6,1699794194000,20231112,300e0f66-2bd7-4f3f-9756-85396a5cab6f,54.0858430001842,CHI -vs- DET
Zach LaVine,SG,CHI,DET,35.2036,72.2787,40.2256,27.6717,3.668,4.61467,0.950667,3.664,0.285333,1.06967,2.55867,2.55067,12.5507,6.92867,7.339,2.65433,6.85667,5.85133,SG,False,0.0266667,0.0,,fd,10.3127,32.975,39.95,47.2,50.9,57.7,65.901,1699794194000,20231112,300e0f66-2bd7-4f3f-9756-85396a5cab6f,54.85334117658888,CHI -vs- DET
Torrey Craig,SF,CHI,DET,23.2263,47.692,17.1118,5.74533,1.241,4.29667,0.876333,3.42033,0.924333,0.734,1.68367,0.626,2.28167,1.23733,2.12467,0.900667,0.758,0.568667,SF,False,0.003,0.0,,fd,6.76998,12.2,16.7,21.4,24.0,28.805,34.9,1699794194000,20231112,300e0f66-2bd7-4f3f-9756-85396a5cab6f,58.741052665023574,CHI -vs- DET
Marvin Bagley,PF/C,DET,CHI,28.9073,58.8957,26.8785,14.157,0.906667,7.80433,1.815,5.98933,0.621667,0.456667,2.48133,1.23867,8.78467,5.25533,2.058,0.363333,3.433,2.55633,PF/C,False,0.220333,0.0,,fd,8.50867,20.8,26.4,32.225,35.7,41.505,49.602,1699794194000,20231112,300e0f66-2bd7-4f3f-9756-85396a5cab6f,53.49539827367244,DET -vs- CHI
Isaiah Stewart,C/PF,DET,CHI,35.1467,71.629,26.804,11.304,1.35867,10.3183,2.357,7.96133,0.617667,0.391333,2.97433,1.947,5.33133,2.95,3.39167,1.23733,2.27767,1.692,C/PF,False,0.364333,0.0,,fd,8.02739,21.2,26.4,32.2,35.4,40.5,46.204,1699794194000,20231112,300e0f66-2bd7-4f3f-9756-85396a5cab6f,55.09566662845351,DET -vs- CHI
Coby White,PG,CHI,DET,33.4372,68.5423,25.9024,12.8673,4.25567,3.54267,0.697667,2.845,0.272667,0.966667,2.36433,1.31767,4.963,2.62533,5.557,1.96433,2.058,1.72367,PG,False,0.014,0.0,,fd,8.19716,20.1,25.5,31.3,34.6,39.5,46.401,1699794194000,20231112,300e0f66-2bd7-4f3f-9756-85396a5cab6f,52.96411596958176,CHI -vs- DET
Andre Drummond,C,CHI,DET,13.83,28.3367,16.6708,5.04933,0.542333,5.59333,1.23233,4.361,0.669667,1.004,1.032,0.925,4.09633,2.03533,0.0276667,0.007,1.748,0.957667,C,False,0.0276667,0.0,,fd,8.15651,10.6,16.0,21.725,25.2,31.405,38.601,1699794194000,20231112,300e0f66-2bd7-4f3f-9756-85396a5cab6f,49.60794464263271,CHI -vs- DET
James Wiseman,C,DET,CHI,10.5453,21.6563,9.18443,4.547,0.269,3.02967,0.699667,2.33,0.303333,0.0983333,0.884333,0.606667,3.16333,1.73467,0.46,0.116333,1.00267,0.728667,C,False,0.00266667,0.0,,fd,5.65924,5.0,8.4,12.6,15.2,19.6,25.601,1699794194000,20231112,300e0f66-2bd7-4f3f-9756-85396a5cab6f,52.69101903497611,DET -vs- CHI
Alec Burks,PG/SG,DET,CHI,21.5172,43.9607,19.6281,11.914,1.792,3.19567,0.737667,2.458,0.202333,0.575,1.837,1.14067,3.53667,1.674,4.21567,2.166,2.499,2.068,PG/SG,False,0.00133333,0.0,Q,fd,8.0787,14.0,19.1,24.7,28.2,33.8,40.503,1699794194000,20231112,300e0f66-2bd7-4f3f-9756-85396a5cab6f,63.50340671332785,DET -vs- CHI
Marcus Sasser,PG,DET,CHI,21.53,43.832,18.535,9.604,2.68567,2.56433,0.600667,1.96367,0.114333,0.832667,1.796,1.01567,4.22233,2.25067,3.511,1.35667,1.31467,1.03267,PG,False,0.000666667,0.0,,fd,7.37868,13.3,17.9,23.2,26.6,31.305,37.5,1699794194000,20231112,300e0f66-2bd7-4f3f-9756-85396a5cab6f,55.41823509406684,DET -vs- CHI
Cade Cunningham,PG/SG,DET,CHI,35.9556,73.1583,37.9135,21.859,6.07633,5.21833,1.22267,3.99567,0.696,0.976333,3.04133,4.339,12.8727,6.44633,5.91333,2.04833,3.425,2.82133,PG/SG,False,0.134667,0.006,,fd,10.5125,31.0,37.5,44.5,48.7,55.805,65.001,1699794194000,20231112,300e0f66-2bd7-4f3f-9756-85396a5cab6f,50.669699771585584,DET -vs- CHI
Nikola Vucevic,C,CHI,DET,34.0143,69.8037,38.6928,16.794,2.97,11.004,2.25167,8.75233,0.799333,1.12233,2.454,1.526,11.1787,5.89133,3.699,0.969667,2.64033,2.10233,C,False,0.579667,0.001,,fd,10.045,32.0,38.2,45.2,49.2,56.105,63.401,1699794194000,20231112,300e0f66-2bd7-4f3f-9756-85396a5cab6f,49.374772310236125,CHI -vs- DET
Ayo Dosunmu,PG/SG,CHI,DET,10.2737,20.956,7.56583,4.03133,0.866333,0.92,0.195667,0.724333,0.145333,0.380667,0.752,0.447,2.061,1.176,1.005,0.400333,0.606667,0.478333,PG/SG,False,0.0,0.0,,fd,5.3141,3.5,6.7,10.7,13.2,17.4,23.101,1699794194000,20231112,300e0f66-2bd7-4f3f-9756-85396a5cab6f,57.94192759295499,CHI -vs- DET
Patrick Williams,SF/PF,CHI,DET,20.9163,42.6963,18.4648,7.67967,1.147,3.178,0.650667,2.52733,0.926333,1.10633,1.56533,0.847,3.42367,1.714,2.32167,1.09967,1.19433,0.952667,SF/PF,False,0.00233333,0.0,P,fd,7.81505,12.7,17.8,23.4,26.6,32.5,39.201,1699794194000,20231112,300e0f66-2bd7-4f3f-9756-85396a5cab6f,58.54318456348972,CHI -vs- DET
Jaden Ivey,SG,DET,CHI,20.4173,41.8187,17.6194,11.289,2.35533,2.50867,0.596333,1.91233,0.217667,0.428,1.794,2.15,5.03833,2.54733,3.183,1.31,2.97,2.26433,SG,False,0.00133333,0.0,Q,fd,7.6388,12.2,17.0,22.7,25.7,31.1,37.1,1699794194000,20231112,300e0f66-2bd7-4f3f-9756-85396a5cab6f,54.885645023372135,DET -vs- CHI
Killian Hayes,PG,DET,CHI,32.5341,66.1687,23.6172,9.413,5.331,2.98667,0.717333,2.26933,0.397333,1.158,2.81533,2.04233,5.82433,2.803,3.223,0.927333,1.29033,1.025,PG,False,0.0263333,0.0,,fd,8.09841,18.0,23.1,28.7,32.0,38.1,44.002,1699794194000,20231112,300e0f66-2bd7-4f3f-9756-85396a5cab6f,46.35621227478163,DET -vs- CHI
Dante Exum,PG,DAL,NO,6.02608,12.2557,3.91907,1.99367,0.490667,0.678667,0.133333,0.545333,0.111333,0.116667,0.517,0.309,0.896667,0.499333,0.590667,0.215,0.481333,0.35,PG,False,0.0,0.0,,fd,3.71955,1.2,3.0,5.925,7.7,11.2,15.4,1699794193000,20231112,300e0f66-2bd7-4f3f-9756-85396a5cab6f,55.255443632701194,DAL -vs- NO
Jonas Valanciunas,C,NO,DAL,27.6732,56.7537,29.5899,13.7557,1.663,9.92533,2.18633,7.739,0.622667,0.414667,2.38,1.68267,9.104,4.69833,1.094,0.536,3.39967,2.751,C,False,0.427333,0.0,,fd,9.10914,23.0,29.0,35.325,38.715,45.9,53.4,1699794193000,20231112,300e0f66-2bd7-4f3f-9756-85396a5cab6f,53.95499117474015,NO -vs- DAL
Jordan Hawkins,SG,NO,DAL,34.5169,70.3943,28.0455,17.3343,1.66633,4.79833,1.05333,3.745,0.478,0.87,2.987,1.59033,5.752,2.88633,6.44767,3.27467,2.223,1.73767,SG,False,0.028,0.0,,fd,9.01809,21.5,27.6,34.0,37.415,43.6,50.805,1699794193000,20231112,300e0f66-2bd7-4f3f-9756-85396a5cab6f,63.922507739963464,NO -vs- DAL
Luka Doncic,PG,DAL,NO,35.6106,72.3103,54.2489,30.8123,7.22633,8.59367,1.85133,6.74233,0.504667,1.53333,3.194,3.82933,12.428,7.25767,9.305,3.19,9.14167,6.727,PG,False,0.479,0.0843333,,fd,12.7107,45.5,53.8,62.8,67.6,76.2,85.108,1699794193000,20231112,300e0f66-2bd7-4f3f-9756-85396a5cab6f,55.41190815810059,DAL -vs- NO
Derrick Jones,SF,DAL,NO,30.2266,61.4333,23.2225,10.9983,1.11867,4.65233,1.00033,3.652,1.097,0.860667,2.727,0.909667,4.24867,2.71233,3.19,1.25267,2.47333,1.81567,SF,False,0.0193333,0.0,,fd,8.14351,17.6,22.8,28.225,31.615,37.705,44.4,1699794193000,20231112,300e0f66-2bd7-4f3f-9756-85396a5cab6f,61.72252566655061,DAL -vs- NO
Brandon Ingram,SF,NO,DAL,34.8938,71.281,40.9633,24.7903,6.36067,5.25833,1.146,4.11233,0.376667,0.722667,3.01733,2.976,15.4443,7.78767,3.595,1.23533,6.38067,5.509,SF,False,0.159333,0.008,,fd,10.4247,33.8,40.5,47.6,51.8,58.7,67.101,1699794193000,20231112,300e0f66-2bd7-4f3f-9756-85396a5cab6f,50.63560635107384,NO -vs- DAL
Grant Williams,PF,DAL,NO,31.5279,63.9617,19.0481,8.39,1.70567,4.42133,0.955667,3.46567,0.712667,0.559667,2.78833,1.023,1.986,1.13367,3.885,1.66733,1.48133,1.12067,PF,False,0.00866667,0.0,,fd,7.31369,13.9,18.45,23.7,26.7,31.9,37.901,1699794193000,20231112,300e0f66-2bd7-4f3f-9756-85396a5cab6f,61.90878896269801,DAL -vs- NO
Dwight Powell,C,DAL,NO,16.4682,33.4603,12.444,5.19833,0.749,3.37233,0.734667,2.63767,0.424,0.461667,1.48267,0.581667,2.54567,1.88833,0.315333,0.112,1.56267,1.08567,C,False,0.00266667,0.0,,fd,6.28571,7.8,12.0,16.2,18.7,23.9,30.801,1699794193000,20231112,300e0f66-2bd7-4f3f-9756-85396a5cab6f,71.87444403239004,DAL -vs- NO
Naji Marshall,SF,NO,DAL,15.5073,31.367,12.1211,5.578,1.79467,2.572,0.585333,1.98667,0.103333,0.419333,1.39333,0.803333,2.795,1.38733,1.59367,0.522333,1.57567,1.23633,SF,False,0.000333333,0.0,Q,fd,6.16508,7.7,11.4,16.0,18.6,23.5,29.001,1699794193000,20231112,300e0f66-2bd7-4f3f-9756-85396a5cab6f,49.464404933613146,NO -vs- DAL
Herbert Jones,SG/SF,NO,DAL,32.3928,66.2623,25.0029,10.2547,3.284,3.73433,0.837667,2.89667,0.634,1.63367,2.89,1.462,4.95733,2.70567,2.383,0.939333,2.54,2.02533,SG/SF,False,0.004,0.0,Q,fd,8.63151,19.1,24.4,30.5,33.8,40.4,46.9,1699794193000,20231112,300e0f66-2bd7-4f3f-9756-85396a5cab6f,56.05564736190335,NO -vs- DAL
Tim Hardaway,SG/SF,DAL,NO,24.5199,49.4893,24.1743,16.133,1.80767,3.179,0.700667,2.47833,0.211333,0.562333,2.209,0.806,3.939,2.23367,7.81467,3.25467,2.406,1.90167,SG/SF,False,0.00133333,0.0,,fd,8.74216,17.9,23.7,30.0,33.5,39.005,45.9,1699794193000,20231112,300e0f66-2bd7-4f3f-9756-85396a5cab6f,60.54002707239526,DAL -vs- NO
Zion Williamson,PF,NO,DAL,33.1718,68.0027,42.7936,25.9223,5.13633,6.40067,1.39233,5.00833,0.458,0.982333,2.996,2.835,16.096,9.60367,0.216333,0.113333,9.276,6.375,PF,False,0.161333,0.00766667,,fd,11.1482,35.1,42.5,49.9,54.3,62.105,70.602,1699794193000,20231112,300e0f66-2bd7-4f3f-9756-85396a5cab6f,59.91582871683653,NO -vs- DAL
Dereon Seabron,SG,NO,DAL,7.08908,14.2857,4.72453,1.93233,0.516667,1.11267,0.249,0.863667,0.0893333,0.22,0.645,0.246,1.00633,0.617,0.540333,0.112,0.461333,0.362333,SG,False,0.0,0.0,,fd,3.96995,1.5,4.0,7.0,8.7,12.3,16.705,1699794193000,20231112,300e0f66-2bd7-4f3f-9756-85396a5cab6f,50.75443066783133,NO -vs- DAL
Dyson Daniels,PG,NO,DAL,20.9043,42.316,18.3435,5.601,3.37633,3.72667,0.810667,2.916,0.355667,1.06333,1.82567,1.051,2.67133,1.303,1.68233,0.764667,0.997667,0.701,PG,False,0.004,0.0,,fd,7.43533,13.2,17.7,22.9,26.0,31.7,38.503,1699794193000,20231112,300e0f66-2bd7-4f3f-9756-85396a5cab6f,56.274502372716285,NO -vs- DAL
Dereck Lively,C,DAL,NO,27.805,56.4643,20.9915,6.99067,1.122,6.39733,1.414,4.98333,1.25733,0.548333,2.513,0.776,3.58967,2.429,1.642,0.289667,1.72,1.26367,C,False,0.036,0.0,,fd,7.56873,15.7,20.5,25.6,29.0,34.7,40.601,1699794193000,20231112,300e0f66-2bd7-4f3f-9756-85396a5cab6f,54.73396640078598,DAL -vs- NO
Matt Ryan,SF,NO,DAL,17.2019,34.737,9.90573,6.221,0.900667,1.48033,0.326667,1.15367,0.104667,0.314333,1.48167,0.699667,1.73967,0.876667,3.167,1.22633,0.986333,0.788667,SF,False,0.0,0.0,,fd,5.72429,5.7,9.2,13.4,15.9,20.4,25.101,1699794193000,20231112,300e0f66-2bd7-4f3f-9756-85396a5cab6f,55.356524893665146,NO -vs- DAL
Kyrie Irving,PG/SG,DAL,NO,35.2353,71.354,40.1582,23.178,5.18633,4.39867,0.940333,3.45833,0.613333,1.267,3.235,1.71867,10.7483,6.142,7.586,2.374,4.18067,3.772,PG/SG,False,0.0633333,0.001,,fd,10.7579,33.1,39.8,47.2,51.3,58.605,66.701,1699794193000,20231112,300e0f66-2bd7-4f3f-9756-85396a5cab6f,52.92266407771227,DAL -vs- NO
Josh Green,SG,DAL,NO,21.2757,43.061,15.0405,7.99767,1.67767,2.59667,0.577,2.01967,0.109333,0.691667,1.97333,0.992667,2.86633,1.868,2.52667,1.08667,1.38567,1.00167,SG,False,0.0,0.0,,fd,6.54225,10.3,14.6,19.1,21.815,26.4,32.102,1699794193000,20231112,300e0f66-2bd7-4f3f-9756-85396a5cab6f,64.86195067680326,DAL -vs- NO
Larry Nance,PF/C,NO,DAL,17.8256,36.127,14.325,4.29867,1.33233,4.49067,1.00067,3.49,0.296333,0.765333,1.589,0.546,2.54233,1.54,0.75,0.213,0.810333,0.579667,PF/C,False,0.00333333,0.0,,fd,6.39771,9.7,13.7,18.4,21.0,25.7,30.801,1699794193000,20231112,300e0f66-2bd7-4f3f-9756-85396a5cab6f,56.47975749697023,NO -vs- DAL
Jaden Hardy,SG,DAL,NO,12.4813,25.2033,10.672,6.436,1.19367,1.466,0.316,1.15,0.109333,0.33,1.128,0.631667,2.464,1.288,2.426,0.919333,1.403,1.102,SG,False,0.0,0.0,,fd,6.33145,5.9,9.9,14.7,17.5,22.1,27.701,1699794193000,20231112,300e0f66-2bd7-4f3f-9756-85396a5cab6f,54.53986707566462,DAL -vs- NO
Jusuf Nurkic,C,PHO,OKC,30.0464,62.9457,36.2509,14.0127,3.728,10.3447,2.16833,8.17633,0.918,1.205,2.48233,2.13633,8.07367,4.10233,1.971,0.985333,4.25233,2.852,C,False,0.467667,0.005,,fd,10.143,29.4,35.7,42.6,46.8,53.805,62.001,1699794194000,20231112,300e0f66-2bd7-4f3f-9756-85396a5cab6f,55.555130233248086,PHO -vs- OKC
Shai Gilgeous-Alexander,PG,OKC,PHO,34.6151,71.897,49.4628,29.211,4.84033,5.87633,1.44533,4.431,0.702667,2.103,3.02633,2.47733,17.6363,9.342,2.719,0.916,8.67633,7.779,PG,False,0.110667,0.006,,fd,12.3217,40.7,49.1,57.5,62.315,70.7,79.301,1699794194000,20231112,300e0f66-2bd7-4f3f-9756-85396a5cab6f,52.644765736687745,OKC -vs- PHO
Drew Eubanks,C/PF,PHO,OKC,17.7069,36.5453,18.049,5.45167,1.33233,5.18233,1.10967,4.07267,1.235,0.492,1.42767,0.801,3.64133,2.04133,0.350667,0.108,1.44467,1.045,C/PF,False,0.014,0.0,,fd,7.56848,12.8,17.4,22.925,26.0,31.1,37.602,1699794194000,20231112,300e0f66-2bd7-4f3f-9756-85396a5cab6f,55.19367875276458,PHO -vs- OKC
Eric Gordon,SG,PHO,OKC,23.3634,48.022,20.0559,11.4033,2.777,2.08867,0.441333,1.64733,0.447333,0.646,1.87767,1.29933,3.51433,1.998,4.76833,1.92633,2.019,1.62833,SG,False,0.001,0.0,Q,fd,8.06075,14.3,19.5,25.1,28.4,34.3,41.403,1699794194000,20231112,300e0f66-2bd7-4f3f-9756-85396a5cab6f,59.008760470670055,PHO -vs- OKC
Grayson Allen,SG/SF,PHO,OKC,32.7154,68.2137,21.9224,10.372,2.59367,4.23767,0.883667,3.354,0.313667,0.875333,2.55667,0.992333,2.31667,1.37767,4.80467,2.128,1.44133,1.23267,SG/SF,False,0.00833333,0.0,,fd,7.73977,16.6,21.4,26.9,30.1,35.305,41.701,1699794194000,20231112,300e0f66-2bd7-4f3f-9756-85396a5cab6f,64.16868173686413,PHO -vs- OKC
Yuta Watanabe,SG/SF,PHO,OKC,14.432,29.7253,10.0118,4.40467,0.576,2.444,0.539667,1.90433,0.344667,0.436667,1.17533,0.533667,1.38933,0.732667,1.86,0.764667,0.879,0.645333,SG/SF,False,0.000333333,0.0,,fd,5.74398,5.7,9.4,13.6,16.1,20.505,26.0,1699794194000,20231112,300e0f66-2bd7-4f3f-9756-85396a5cab6f,57.84784863341058,PHO -vs- OKC
Keita Bates-Diop,PF,PHO,OKC,27.7158,58.068,21.2945,10.407,2.02567,4.555,0.974333,3.58067,0.345333,0.752333,2.366,0.91,4.83967,2.806,2.369,0.899,2.747,2.098,PF,False,0.0133333,0.0,,fd,7.70175,15.8,20.8,26.2,29.2,35.205,41.701,1699794194000,20231112,300e0f66-2bd7-4f3f-9756-85396a5cab6f,57.63199036715512,PHO -vs- OKC
Jordan Goodwin,PG,PHO,OKC,11.0767,22.7673,9.7795,3.29233,1.711,1.84667,0.422,1.42467,0.24,0.539333,0.882333,0.633333,1.92333,0.794667,1.155,0.378333,0.732,0.568,PG,False,0.0,0.0,,fd,5.91193,5.2,9.15,13.5,16.0,20.3,26.8,1699794194000,20231112,300e0f66-2bd7-4f3f-9756-85396a5cab6f,44.25017785617526,PHO -vs- OKC
Jaylin Williams,PF/C,OKC,PHO,13.6118,28.0073,11.3573,4.31833,0.895333,3.57,0.945333,2.62467,0.199667,0.432,1.23367,0.483,1.81067,0.884333,1.628,0.642333,0.832,0.622667,PF/C,False,0.00266667,0.0,,fd,6.038,6.9,10.7,15.1,17.5,22.3,27.8,1699794194000,20231112,300e0f66-2bd7-4f3f-9756-85396a5cab6f,53.73683720740867,OKC -vs- PHO
Cason Wallace,PG/SG,OKC,PHO,20.7806,42.82,17.2218,6.96767,2.29133,2.77733,0.728333,2.049,0.299,1.13667,1.80967,0.822667,3.48567,1.963,2.01367,0.700667,1.196,0.939667,PG/SG,False,0.000333333,0.0,,fd,7.12243,12.1,16.7,21.6,24.8,29.6,36.2,1699794194000,20231112,300e0f66-2bd7-4f3f-9756-85396a5cab6f,54.80658588121484,OKC -vs- PHO
Luguentz Dort,SF/SG,OKC,PHO,30.4582,63.119,22.0554,11.5817,1.27633,3.97267,0.993,2.97967,0.381333,1.191,2.66833,0.925,4.75333,2.24733,4.653,1.638,2.78367,2.173,SF/SG,False,0.006,0.0,,fd,8.00501,16.3,21.45,27.2,30.7,36.0,41.902,1699794194000,20231112,300e0f66-2bd7-4f3f-9756-85396a5cab6f,50.01238527672322,OKC -vs- PHO
Isaiah Joe,PG,OKC,PHO,19.0183,39.0353,15.0378,8.35533,1.206,2.41067,0.624667,1.786,0.104667,0.762,1.655,0.619333,1.72167,0.896667,4.875,1.87067,1.19833,0.95,PG,False,0.0,0.0,,fd,7.0014,9.9,14.3,19.4,22.4,27.4,34.302,1699794194000,20231112,300e0f66-2bd7-4f3f-9756-85396a5cab6f,56.1294107481502,OKC -vs- PHO
Josh Okogie,SF/SG,PHO,OKC,15.2941,31.4287,11.8655,4.96967,0.985667,2.595,0.563,2.032,0.442667,0.509333,1.26633,0.552667,2.01067,1.07067,1.596,0.560333,1.55533,1.14733,SF/SG,False,0.000666667,0.0,,fd,6.16687,7.4,11.2,15.6,18.3,23.2,28.9,1699794194000,20231112,300e0f66-2bd7-4f3f-9756-85396a5cab6f,52.98986322563473,PHO -vs- OKC
Bradley Beal,SG/PG,PHO,OKC,33.9423,70.7957,38.8301,23.4637,5.874,4.21033,0.908333,3.302,0.547667,0.985333,2.892,3.096,12.7663,6.074,4.83933,2.165,5.64033,4.82067,SG/PG,False,0.091,0.00166667,P,fd,10.5074,31.5,38.5,45.825,49.5,56.8,66.202,1699794194000,20231112,300e0f66-2bd7-4f3f-9756-85396a5cab6f,52.9461314363644,PHO -vs- OKC
Jalen Williams,SF/SG,OKC,PHO,32.8667,68.2237,29.6901,14.9673,3.028,4.34567,1.09133,3.25433,0.459667,1.75,3.03933,1.663,8.125,4.53467,2.76333,1.078,3.28233,2.664,SF/SG,False,0.0153333,0.0,,fd,9.22993,23.3,29.1,35.7,39.6,45.5,53.601,1699794194000,20231112,300e0f66-2bd7-4f3f-9756-85396a5cab6f,56.49782840894794,OKC -vs- PHO
Kevin Durant,SF/PF,PHO,OKC,34.7552,72.735,48.8562,30.5803,5.26233,6.65533,1.37167,5.28367,1.427,0.751333,2.91,4.139,14.9813,8.98533,4.91533,1.90133,7.50733,6.90567,SF/PF,False,0.194667,0.0106667,,fd,11.9586,40.5,48.3,56.3,61.0,69.9,78.201,1699794194000,20231112,300e0f66-2bd7-4f3f-9756-85396a5cab6f,59.494120361086274,PHO -vs- OKC
Lindy Waters,SG,OKC,PHO,16.894,34.705,13.1615,6.83867,0.865667,2.44,0.616667,1.82333,0.289667,0.548,1.503,0.416667,1.195,0.678667,4.13367,1.656,0.648667,0.513333,SG,False,0.000333333,0.0,,fd,6.62219,8.4,12.4,17.4,20.115,24.9,30.502,1699794194000,20231112,300e0f66-2bd7-4f3f-9756-85396a5cab6f,59.351902069371896,OKC -vs- PHO
Chet Holmgren,C,OKC,PHO,31.8242,66.0777,34.8399,15.9667,2.39633,8.497,2.03533,6.46167,1.452,0.889333,2.76133,1.94167,7.19667,3.89733,4.26833,1.57433,4.28733,3.449,C,False,0.316,0.0,,fd,10.0502,27.7,34.6,41.5,45.4,51.905,58.801,1699794194000,20231112,300e0f66-2bd7-4f3f-9756-85396a5cab6f,54.59071085913651,OKC -vs- PHO
Josh Giddey,SG/PG,OKC,PHO,29.9744,62.1587,30.5899,14.3083,4.42333,7.096,1.75767,5.33833,0.374667,0.745,2.641,2.22767,10.4427,5.16333,2.546,0.737667,2.38,1.76867,SG/PG,False,0.175667,0.00433333,,fd,9.06839,24.5,30.1,36.4,39.6,46.2,54.201,1699794194000,20231112,300e0f66-2bd7-4f3f-9756-85396a5cab6f,48.271424391971486,OKC -vs- PHO
Ousmane Dieng,PF/SF,OKC,PHO,11.005,22.663,7.02013,3.79933,0.732667,1.314,0.339667,0.974333,0.100667,0.221,0.944333,0.42,1.63133,0.832333,1.67333,0.557,0.628667,0.463667,PF/SF,False,0.0,0.0,,fd,4.81931,3.2,6.2,9.8,12.1,16.4,20.701,1699794194000,20231112,300e0f66-2bd7-4f3f-9756-85396a5cab6f,50.469125416835624,OKC -vs- PHO
JT Thor,PF,CHA,NY,20.9861,42.4127,13.1349,6.114,0.87,3.10767,0.804333,2.30333,0.504333,0.429667,1.85667,0.815333,2.65767,1.35333,2.5,0.864667,1.06933,0.813333,PF,False,0.000666667,0.0,,fd,6.00273,8.7,12.7,16.9,19.3,23.7,29.201,1699794189000,20231112,300e0f66-2bd7-4f3f-9756-85396a5cab6f,51.38619764350957,CHA -vs- NY
RJ Barrett,SF,NY,CHA,32.5352,65.828,27.239,18.1047,2.463,4.039,0.946667,3.09233,0.221,0.603333,2.55033,1.88,9.149,4.654,4.48767,1.612,5.386,3.96067,SF,False,0.0113333,0.0,,fd,8.61884,21.3,26.8,32.925,36.0,41.9,49.501,1699794189000,20231112,300e0f66-2bd7-4f3f-9756-85396a5cab6f,51.86016820822093,NY -vs- CHA
Theo Maledon,PG,CHA,NY,20.348,41.0967,17.5811,7.146,3.33267,2.65033,0.679333,1.971,0.306667,0.929,1.81667,1.45133,3.76167,1.84467,2.79033,0.637,1.912,1.54567,PG,False,0.00166667,0.0,,fd,7.52116,12.2,17.0,22.1,25.1,31.3,37.5,1699794189000,20231112,300e0f66-2bd7-4f3f-9756-85396a5cab6f,42.73763736263737,CHA -vs- NY
Julius Randle,PF,NY,CHA,35.02,70.9633,40.0899,22.203,3.93633,9.53867,2.27233,7.26633,0.411333,0.717333,2.70367,2.85,10.3643,5.19733,6.923,2.375,6.36,4.68333,PF,False,0.477333,0.00566667,,fd,10.2487,33.0,39.8,46.8,50.9,57.4,64.502,1699794189000,20231112,300e0f66-2bd7-4f3f-9756-85396a5cab6f,50.672054051239925,NY -vs- CHA
Quentin Grimes,SG/SF,NY,CHA,26.0885,52.8387,15.6204,8.709,1.57733,2.117,0.483,1.634,0.221333,0.666333,2.02267,0.658,1.77433,1.08733,4.493,1.87233,1.197,0.917333,SG/SF,False,0.0,0.0,,fd,6.76257,10.7,15.1,19.825,22.7,27.4,33.9,1699794189000,20231112,300e0f66-2bd7-4f3f-9756-85396a5cab6f,62.16084042167876,NY -vs- CHA
LaMelo Ball,PG,CHA,NY,35.1532,70.6963,45.9394,22.083,9.403,6.33267,1.60733,4.72533,0.303,1.54733,3.095,3.39833,9.267,4.25767,9.761,3.549,3.508,2.92067,PG,False,0.509,0.0623333,,fd,11.5135,38.0,45.8,53.6,57.8,65.305,74.302,1699794189000,20231112,300e0f66-2bd7-4f3f-9756-85396a5cab6f,50.353006096279174,CHA -vs- NY
Isaiah Hartenstein,PF/C,NY,CHA,18.794,38.096,17.5466,5.652,1.34433,5.289,1.21633,4.07267,0.804667,0.63,1.58467,0.772667,3.37433,2.21667,0.454667,0.117667,1.22033,0.865667,PF/C,False,0.0173333,0.0,,fd,7.36454,12.4,17.0,22.3,25.215,30.7,36.001,1699794189000,20231112,300e0f66-2bd7-4f3f-9756-85396a5cab6f,62.50123726918564,NY -vs- CHA
Bryce McGowens,SG,CHA,NY,13.6231,27.5167,8.2245,4.86367,0.853667,1.47667,0.381333,1.09533,0.11,0.227,1.189,0.702667,2.40233,1.08267,1.65267,0.502333,1.58833,1.19133,SG,False,0.0,0.0,,fd,5.26669,4.4,7.5,11.2,13.615,18.105,23.2,1699794189000,20231112,300e0f66-2bd7-4f3f-9756-85396a5cab6f,45.281615289765725,CHA -vs- NY
P.J. Washington,PF/C,CHA,NY,35.2207,70.654,31.9626,17.491,2.60967,5.417,1.36567,4.05133,1.035,0.869,3.091,1.65533,8.37167,4.60633,7.049,2.01567,3.066,2.23133,PF/C,False,0.045,0.0,,fd,9.58832,25.4,31.7,38.3,41.8,48.31,55.9,1699794189000,20231112,300e0f66-2bd7-4f3f-9756-85396a5cab6f,49.47797339544909,CHA -vs- NY
Jalen Brunson,PG,NY,CHA,34.4539,69.666,39.4166,26.4217,4.83833,3.85367,0.896,2.95767,0.213667,0.857333,2.69533,2.1,14.3333,7.51067,5.53133,2.13167,5.97833,5.00533,PG,False,0.032,0.000666667,,fd,10.1979,32.2,38.9,46.0,50.2,56.705,65.002,1699794189000,20231112,300e0f66-2bd7-4f3f-9756-85396a5cab6f,53.90573597393961,NY -vs- CHA
Immanuel Quickley,SG/PG,NY,CHA,22.1259,44.686,22.1892,12.9473,2.72733,3.13933,0.734667,2.40467,0.206667,0.6,1.89267,1.03633,4.587,2.79533,4.661,1.719,2.689,2.19967,SG/PG,False,0.00266667,0.0,,fd,8.35346,16.2,21.8,27.3,30.8,36.9,43.8,1699794189000,20231112,300e0f66-2bd7-4f3f-9756-85396a5cab6f,58.10802335640138,NY -vs- CHA
Josh Hart,SG/SF,NY,CHA,24.2775,49.237,22.9754,9.28367,2.923,5.351,1.233,4.118,0.296667,1.08233,2.076,1.251,3.89767,2.30833,2.566,1.02033,2.17133,1.606,SG/SF,False,0.037,0.0,,fd,8.1882,17.2,22.6,28.225,31.4,37.1,44.503,1699794189000,20231112,300e0f66-2bd7-4f3f-9756-85396a5cab6f,59.39079501274044,NY -vs- CHA
Nick Richards,C,CHA,NY,18.9776,38.6733,17.645,7.52533,0.44,5.35333,1.343,4.01033,1.06667,0.221333,1.69967,0.828333,4.09533,2.586,0.385333,0.134,2.58467,1.95133,C,False,0.0286667,0.0,,fd,7.58835,12.2,17.0,22.4,25.6,31.0,38.401,1699794189000,20231112,300e0f66-2bd7-4f3f-9756-85396a5cab6f,62.200616292722756,CHA -vs- NY
Mitchell Robinson,C,NY,CHA,30.8298,62.6453,29.7409,8.41133,0.806333,10.1403,2.33133,7.809,1.72533,1.179,2.42033,0.761333,4.883,3.58333,0.136333,0.05,2.186,1.09467,C,False,0.225667,0.0,,fd,8.86418,23.4,29.5,35.5,38.9,45.0,52.101,1699794189000,20231112,300e0f66-2bd7-4f3f-9756-85396a5cab6f,72.88478369536351,NY -vs- CHA
Brandon Miller,SF,CHA,NY,32.55,65.3617,24.1924,12.8923,1.92467,4.88533,1.21333,3.672,0.640667,0.599667,2.93533,1.17033,6.54733,3.20733,4.30567,1.46267,2.71133,2.08967,SF,False,0.0223333,0.0,,fd,8.18003,18.375,23.7,29.4,32.8,38.4,44.303,1699794189000,20231112,300e0f66-2bd7-4f3f-9756-85396a5cab6f,49.76812862802911,CHA -vs- NY
Mark Williams,C,CHA,NY,29.9986,60.461,29.6967,12.4307,0.772,9.18667,2.26967,6.917,1.10467,0.987667,2.657,1.193,7.58467,4.53167,0.849333,0.31,3.32333,2.43733,C,False,0.33,0.0,,fd,9.05709,23.4,29.3,35.525,39.2,45.5,51.901,1699794189000,20231112,300e0f66-2bd7-4f3f-9756-85396a5cab6f,59.24434696074924,CHA -vs- NY
Gordon Hayward,SF/SG,CHA,NY,33.9663,68.3293,33.1868,16.2473,6.01667,4.954,1.19067,3.76333,0.298333,0.931,2.948,1.71833,9.18567,4.837,3.89833,1.18333,3.70233,3.02333,SF/SG,False,0.106667,0.006,P,fd,9.49926,26.7,32.7,39.2,43.1,49.7,57.2,1699794189000,20231112,300e0f66-2bd7-4f3f-9756-85396a5cab6f,50.53496637114032,CHA -vs- NY
Donte DiVincenzo,SG/SF,NY,CHA,16.6988,33.7897,13.6534,5.78633,1.599,2.69467,0.614,2.08067,0.208,0.825333,1.4,0.865,1.53367,0.794,2.95433,1.22,0.717,0.538333,SG/SF,False,0.00133333,0.0,,fd,6.81224,8.6,12.9,17.9,20.8,25.905,31.303,1699794189000,20231112,300e0f66-2bd7-4f3f-9756-85396a5cab6f,58.46702317290552,NY -vs- CHA
Nikola Jokic,C,DEN,HOU,34.4346,67.9537,60.7976,27.1733,10.405,11.392,2.27833,9.11367,1.117,1.56067,2.54467,3.68667,14.8507,9.68833,3.14133,1.00033,5.88867,4.79567,C,False,0.846,0.422,,fd,13.3395,51.6,61.0,69.7,74.7,82.905,91.901,1699794189000,20231112,300e0f66-2bd7-4f3f-9756-85396a5cab6f,62.187674209080356,DEN -vs- HOU
Peyton Watson,SG,DEN,HOU,16.5589,32.6483,16.254,6.21333,1.163,2.86933,0.621667,2.24767,1.394,0.475,1.308,0.754,3.21233,1.82467,1.832,0.522667,1.39167,0.996,SG,False,0.00133333,0.0,,fd,7.6646,10.8,15.5,21.1,24.0,30.005,36.6,1699794189000,20231112,300e0f66-2bd7-4f3f-9756-85396a5cab6f,51.71490564653779,DEN -vs- HOU
Jabari Smith,PF,HOU,DEN,31.5802,62.5733,27.2906,13.5863,1.25033,7.48567,2.042,5.44367,0.717333,0.582333,2.471,1.053,6.51733,3.40933,4.11233,1.709,2.16667,1.64067,PF,False,0.189333,0.0,,fd,8.60335,21.2,27.0,32.7,36.115,42.1,49.601,1699794189000,20231112,300e0f66-2bd7-4f3f-9756-85396a5cab6f,56.1902262160784,HOU -vs- DEN
Jalen Green,SG/PG,HOU,DEN,33.8914,66.9557,28.6417,19.1577,2.53667,3.72367,1.02933,2.69433,0.307,0.843333,2.633,2.24033,10.3783,5.035,5.99367,1.644,5.35833,4.15567,SG/PG,False,0.005,0.0,,fd,8.87449,22.6,28.2,34.2,37.7,44.0,51.501,1699794189000,20231112,300e0f66-2bd7-4f3f-9756-85396a5cab6f,45.81611131708647,HOU -vs- DEN
Dillon Brooks,SG/SF,HOU,DEN,30.7041,60.6383,20.7039,11.1093,2.15367,3.347,0.922667,2.42433,0.202667,0.951333,2.448,1.11433,6.234,2.821,4.05733,1.30333,1.96367,1.55733,SG/SF,False,0.001,0.0,,fd,7.66495,15.2,20.35,25.5,28.5,34.2,40.501,1699794189000,20231112,300e0f66-2bd7-4f3f-9756-85396a5cab6f,46.4079472721213,HOU -vs- DEN
Fred VanVleet,PG,HOU,DEN,34.4523,68.039,34.4642,17.4653,5.94433,3.82,1.04767,2.77233,0.492333,1.32367,2.68267,1.94967,6.733,2.96433,8.29,2.939,3.06867,2.71967,PG,False,0.0816667,0.001,,fd,9.96994,27.6,34.0,40.7,45.0,52.1,59.3,1699794189000,20231112,300e0f66-2bd7-4f3f-9756-85396a5cab6f,49.07694867869268,HOU -vs- DEN
Alperen Sengun,C,HOU,DEN,33.4728,66.4237,40.4169,17.529,4.96367,10.197,2.71767,7.47933,0.847333,1.08367,2.61333,2.587,11.744,6.62867,1.06033,0.489,4.03033,2.80467,C,False,0.535667,0.023,,fd,10.4462,33.2,39.8,46.9,51.2,58.405,66.901,1699794189000,20231112,300e0f66-2bd7-4f3f-9756-85396a5cab6f,57.49750279788165,HOU -vs- DEN
Tari Eason,SF,HOU,DEN,21.228,42.013,22.5973,9.83467,1.33533,6.24167,1.715,4.52667,0.504667,1.01067,1.71967,1.27633,6.02433,3.035,1.965,0.717,2.172,1.61367,SF,False,0.0743333,0.0,,fd,8.327,16.8,22.2,28.0,31.5,36.7,43.302,1699794189000,20231112,300e0f66-2bd7-4f3f-9756-85396a5cab6f,51.44987126580076,HOU -vs- DEN
Aaron Holiday,PG,HOU,DEN,15.3517,30.332,10.369,4.76167,1.39433,1.43567,0.382,1.05367,0.208333,0.628333,1.183,0.717,2.41067,1.058,1.29567,0.701333,0.672667,0.541667,PG,False,0.0,0.0,,fd,5.96673,6.0,9.7,13.9,16.6,21.605,26.701,1699794189000,20231112,300e0f66-2bd7-4f3f-9756-85396a5cab6f,56.92946410744831,HOU -vs- DEN
Zeke Nnaji,PF/C,DEN,HOU,12.5968,24.8707,9.35333,3.77133,0.386,2.315,0.500333,1.81467,0.577333,0.32,1.06167,0.467,1.81367,1.23333,1.152,0.221333,0.902667,0.640667,PF/C,False,0.0,0.0,,fd,5.66855,5.2,8.7,12.725,15.3,19.7,25.204,1699794189000,20231112,300e0f66-2bd7-4f3f-9756-85396a5cab6f,52.781647991853454,DEN -vs- HOU
Jae'Sean Tate,SF/PF,HOU,DEN,20.2381,39.852,17.4899,7.611,1.83433,4.162,1.154,3.008,0.292333,0.749,1.59633,0.991,4.50667,2.50067,1.414,0.493,1.56467,1.13067,SF/PF,False,0.006,0.0,,fd,7.2052,12.2,16.8,22.2,25.1,30.1,36.4,1699794189000,20231112,300e0f66-2bd7-4f3f-9756-85396a5cab6f,54.726407653187906,HOU -vs- DEN
Julian Strawther,SF,DEN,HOU,12.7423,25.1347,10.363,6.83067,0.614333,1.66933,0.355,1.31433,0.189667,0.242667,1.03033,0.689333,2.49,1.33233,2.43633,1.13633,1.012,0.757,SF,False,0.0,0.0,,fd,6.31772,5.4,9.5,14.4,17.015,21.9,27.801,1699794189000,20231112,300e0f66-2bd7-4f3f-9756-85396a5cab6f,61.644774101613166,DEN -vs- HOU
Jock Landale,C,HOU,DEN,9.08608,17.977,6.58477,2.84133,0.471,2.083,0.561333,1.52167,0.203333,0.108333,0.702,0.397667,1.707,0.994667,0.617333,0.114333,0.675667,0.509,C,False,0.000666667,0.0,,fd,4.69236,3.2,5.9,9.3,11.4,15.405,20.304,1699794189000,20231112,300e0f66-2bd7-4f3f-9756-85396a5cab6f,50.17209238091098,HOU -vs- DEN
Collin Gillespie,PG,DEN,HOU,15.8584,31.2593,12.6347,6.34533,1.95,1.52033,0.311,1.20933,0.172,0.601333,1.23867,0.78,2.67533,1.23033,2.22033,0.969333,1.263,0.976667,PG,False,0.0,0.0,,fd,6.43374,7.9,12.1,16.7,19.4,24.105,29.402,1699794189000,20231112,300e0f66-2bd7-4f3f-9756-85396a5cab6f,54.83079911595168,DEN -vs- HOU
Reggie Jackson,PG,DEN,HOU,30.854,60.4313,25.2555,11.6763,5.29867,2.71733,0.544333,2.173,0.281,1.068,2.24967,1.67667,5.73533,2.78067,4.79367,1.596,1.63467,1.327,PG,False,0.0363333,0.0,,fd,8.44247,19.4,24.6,30.4,34.0,40.205,47.602,1699794189000,20231112,300e0f66-2bd7-4f3f-9756-85396a5cab6f,49.14683255769779,DEN -vs- HOU
Kentavious Caldwell-Pope,SG,DEN,HOU,33.0497,64.8873,23.0011,9.80733,2.761,2.64133,0.547,2.09433,0.651,1.66367,2.49567,1.06133,3.49433,1.842,4.04767,1.62267,1.499,1.25533,SG,False,0.001,0.0,,fd,8.26606,17.175,22.3,28.2,31.715,37.7,44.301,1699794189000,20231112,300e0f66-2bd7-4f3f-9756-85396a5cab6f,56.69590294351631,DEN -vs- HOU
Michael Porter,SF,DEN,HOU,33.1526,65.0933,32.5341,17.5857,1.82367,7.658,1.63633,6.02167,0.662333,0.697,2.56167,1.05467,5.88333,3.384,7.86667,2.97067,2.41233,1.90567,SF,False,0.233333,0.0,,fd,9.39408,25.7,32.2,38.8,42.2,48.5,55.803,1699794189000,20231112,300e0f66-2bd7-4f3f-9756-85396a5cab6f,57.018218181818185,DEN -vs- HOU
Jeff Green,PF/SF,HOU,DEN,11.0033,21.6993,6.50723,3.09733,0.527667,1.41867,0.376333,1.04233,0.197,0.207,0.892,0.296,1.58833,0.756,0.796333,0.306667,0.863333,0.665333,PF/SF,False,0.0,0.0,,fd,4.59897,3.0,6.0,9.2,11.2,15.005,20.0,1699794189000,20231112,300e0f66-2bd7-4f3f-9756-85396a5cab6f,50.992551148736744,HOU -vs- DEN
Aaron Gordon,PF,DEN,HOU,33.8728,66.6113,32.504,14.0247,4.06633,6.80267,1.40467,5.398,1.014,0.944333,2.51933,1.65833,7.749,4.697,2.60433,0.753667,3.79,2.36967,PF,False,0.133,0.002,,fd,9.16921,26.1,32.25,38.5,42.115,47.9,56.802,1699794189000,20231112,300e0f66-2bd7-4f3f-9756-85396a5cab6f,56.286243170071856,DEN -vs- HOU
Christian Braun,SG,DEN,HOU,17.888,35.24,15.7003,7.60167,1.406,3.07633,0.649,2.42733,0.291333,0.701,1.42667,0.679,3.69133,2.28467,1.854,0.598,1.753,1.23833,SG,False,0.001,0.0,,fd,7.02903,10.6,15.1,20.3,23.2,28.4,34.303,1699794189000,20231112,300e0f66-2bd7-4f3f-9756-85396a5cab6f,57.37566565019575,DEN -vs- HOU
Devin Vassell,SG,SA,MIA,34.3862,70.79,29.357,15.3083,3.623,3.92733,0.884333,3.043,0.549,1.23667,2.90167,1.45567,6.43,3.40033,5.847,2.22067,2.35233,1.84567,SG,False,0.0106667,0.0,,fd,9.11222,23.0,28.9,35.3,39.2,44.5,52.6,1699794198000,20231112,300e0f66-2bd7-4f3f-9756-85396a5cab6f,54.828826260487084,SA -vs- MIA
Jeremy Sochan,PG/PF,SA,MIA,30.8099,63.5053,26.9069,11.0377,4.645,5.74033,1.274,4.46633,0.38,0.919,2.629,1.88367,7.17667,3.82933,2.45367,0.503,2.55067,1.87,PG/PF,False,0.0633333,0.00166667,,fd,8.3197,21.1,26.6,32.1,35.4,41.4,48.401,1699794198000,20231112,300e0f66-2bd7-4f3f-9756-85396a5cab6f,47.59780028534818,SA -vs- MIA
Duncan Robinson,SG/SF,MIA,SA,31.8562,65.0777,21.4054,14.574,1.987,2.453,0.559667,1.89333,0.126,0.596,2.53767,1.25867,2.31067,1.33667,9.86633,3.589,1.386,1.13367,SG/SF,False,0.001,0.0,,fd,7.79044,15.9,21.0,26.6,29.6,35.1,40.201,1699794198000,20231112,300e0f66-2bd7-4f3f-9756-85396a5cab6f,55.18740248008541,MIA -vs- SA
Malaki Branham,SF/SG,SA,MIA,11.1739,22.8043,7.6266,4.35067,1.02867,1.108,0.261667,0.846333,0.100667,0.201,0.957333,0.501667,2.255,1.14167,1.48933,0.518333,0.644,0.512333,SF/SG,False,0.0,0.0,,fd,5.09649,3.9,6.9,10.7,12.8,16.9,22.2,1699794198000,20231112,300e0f66-2bd7-4f3f-9756-85396a5cab6f,51.25535142468747,SA -vs- MIA
Jimmy Butler,SF/PF,MIA,SA,34.4479,70.677,45.0518,23.599,5.20133,6.22733,1.38233,4.845,0.349667,2.23867,2.68933,1.587,14.4603,7.40633,1.71133,0.593,8.18267,7.00733,SF/PF,False,0.145,0.009,Q,fd,11.3495,37.2,44.3,52.3,57.1,64.5,74.0,1699794198000,20231112,300e0f66-2bd7-4f3f-9756-85396a5cab6f,51.29866315269393,MIA -vs- SA
Cedi Osman,SF/PF,SA,MIA,15.4995,31.5967,11.0228,6.07567,1.37767,1.548,0.350333,1.19767,0.108,0.412333,1.307,0.538,1.82867,1.04867,3.00033,1.098,0.963667,0.684333,SF/PF,False,0.0,0.0,,fd,5.98787,6.6,10.4,14.7,17.4,21.8,27.801,1699794198000,20231112,300e0f66-2bd7-4f3f-9756-85396a5cab6f,55.822530544626225,SA -vs- MIA
Tre Jones,PG,SA,MIA,21.9827,44.969,22.1027,9.11033,5.17467,2.69833,0.635,2.06333,0.198333,0.867,1.83233,1.20367,5.225,2.834,1.55133,0.695333,1.641,1.35633,PG,False,0.023,0.0,Q,fd,8.00474,16.4,21.6,27.4,30.415,36.1,42.9,1699794198000,20231112,300e0f66-2bd7-4f3f-9756-85396a5cab6f,57.21385322143403,SA -vs- MIA
Thomas Bryant,C,MIA,SA,13.2083,27.168,12.4549,5.95933,0.310333,3.88033,0.873,3.00733,0.37,0.227333,1.028,0.418333,3.55667,2.18933,0.782,0.149333,1.49067,1.13267,C,False,0.008,0.0,,fd,6.54396,7.6,11.8,16.525,19.2,24.2,30.501,1699794198000,20231112,300e0f66-2bd7-4f3f-9756-85396a5cab6f,55.62371648454481,MIA -vs- SA
Haywood Highsmith,SF,MIA,SA,29.6416,60.705,20.0888,8.53267,1.37667,4.62733,1.03367,3.59367,0.591,1.12667,2.33433,1.21467,3.55333,1.86167,3.32133,1.32367,1.17867,0.838333,SF,False,0.0126667,0.0,,fd,7.31701,14.9,19.5,24.6,28.0,33.305,38.701,1699794198000,20231112,300e0f66-2bd7-4f3f-9756-85396a5cab6f,55.9616766501907,MIA -vs- SA
Victor Wembanyama,PF/C,SA,MIA,33.6949,69.655,42.0779,22.4343,2.63333,9.38267,2.05767,7.325,1.46967,1.11967,2.86733,3.33367,10.2877,5.71333,6.10133,2.12933,5.95433,4.61967,PF/C,False,0.455333,0.0,,fd,11.5341,34.0,41.7,49.7,54.0,61.505,70.9,1699794198000,20231112,300e0f66-2bd7-4f3f-9756-85396a5cab6f,54.34931170423144,SA -vs- MIA
Dru Smith,SG,MIA,SA,18.6038,37.98,17.2874,7.10467,2.69333,2.93867,0.665667,2.273,0.344,0.772333,1.414,0.732667,3.332,1.71,2.21967,0.947,1.095,0.843667,SG,False,0.001,0.0,,fd,7.47527,12.0,16.6,22.0,25.1,30.7,37.201,1699794198000,20231112,300e0f66-2bd7-4f3f-9756-85396a5cab6f,56.388438073588674,MIA -vs- SA
Charles Bassey,C,SA,MIA,13.0204,26.7553,13.2231,4.23067,1.29133,4.31367,0.990667,3.323,0.501667,0.397667,1.11567,0.819,2.40167,1.524,0.57,0.192333,0.833667,0.605667,C,False,0.00666667,0.0,,fd,6.75637,8.4,12.4,17.4,20.3,25.305,31.9,1699794198000,20231112,300e0f66-2bd7-4f3f-9756-85396a5cab6f,60.992623676249394,SA -vs- MIA
Josh Richardson,SF/SG,MIA,SA,20.7146,42.1963,17.2564,8.46667,2.35433,2.66267,0.609,2.05367,0.344,0.664,1.60033,0.961,3.64033,1.818,3.40733,1.33033,1.01133,0.839667,SF/SG,False,0.000333333,0.0,,fd,7.14871,12.2,16.6,21.8,24.6,30.2,36.401,1699794198000,20231112,300e0f66-2bd7-4f3f-9756-85396a5cab6f,54.110087603545,MIA -vs- SA
Jaime Jaquez,SF,MIA,SA,23.3076,47.6083,22.8763,9.85067,2.77333,4.42167,1.01367,3.408,0.355667,1.241,1.825,1.23033,4.64167,2.61367,3.22267,1.072,1.826,1.40733,SF,False,0.013,0.0,,fd,8.12198,17.0,22.3,28.225,31.515,36.805,42.801,1699794198000,20231112,300e0f66-2bd7-4f3f-9756-85396a5cab6f,53.681173499619796,MIA -vs- SA
Kyle Lowry,PG,MIA,SA,33.7839,69.0743,30.4433,11.655,6.66,5.148,1.12833,4.01967,0.456333,1.09067,2.60767,2.02033,3.791,1.68467,5.85267,2.13233,2.21,1.88867,PG,False,0.114667,0.0106667,,fd,8.97848,24.0,30.0,36.5,40.1,45.9,51.603,1699794198000,20231112,300e0f66-2bd7-4f3f-9756-85396a5cab6f,50.63596120564059,MIA -vs- SA
Doug McDermott,PF/SF,SA,MIA,13.0419,26.5623,8.05297,4.69467,0.817667,1.374,0.312667,1.06133,0.108333,0.212667,1.111,0.48,1.61867,0.824333,2.17867,0.859667,0.597667,0.467,PF/SF,False,0.0,0.0,,fd,5.0596,4.4,7.4,11.1,13.4,17.3,22.407,1699794198000,20231112,300e0f66-2bd7-4f3f-9756-85396a5cab6f,55.66616368299915,SA -vs- MIA
Bam Adebayo,C,MIA,SA,35.5193,72.945,46.4276,24.3177,3.34233,10.892,2.404,8.488,1.09633,1.10133,2.75333,2.567,17.5303,9.392,0.0116667,0.00933333,6.977,5.50567,C,False,0.638333,0.00366667,,fd,10.9199,38.9,46.0,53.6,57.7,64.905,73.602,1699794198000,20231112,300e0f66-2bd7-4f3f-9756-85396a5cab6f,53.61998546605382,MIA -vs- SA
Keldon Johnson,PF/SF,SA,MIA,33.7499,69.5137,31.9133,17.772,3.92967,5.64567,1.30733,4.33833,0.309,0.791,2.86667,1.828,8.713,4.625,5.22633,1.66667,4.76967,3.522,PF/SF,False,0.069,0.0,,fd,9.39252,25.2,31.4,37.9,41.5,48.705,55.501,1699794198000,20231112,300e0f66-2bd7-4f3f-9756-85396a5cab6f,51.114400763881775,SA -vs- MIA
Zach Collins,PF/C,SA,MIA,33.7239,69.7267,36.1467,16.5573,4.34667,8.90033,1.94133,6.959,0.835667,0.927333,2.856,2.9,8.22333,4.965,3.54233,1.44233,3.038,2.30033,PF/C,False,0.374667,0.005,,fd,10.0471,29.2,35.8,42.6,46.5,53.7,60.702,1699794198000,20231112,300e0f66-2bd7-4f3f-9756-85396a5cab6f,60.58729387046711,SA -vs- MIA
Matisse Thybulle,SF,POR,LAL,29.6999,57.5263,20.805,7.78233,1.61433,3.011,0.842333,2.16867,0.657,1.89233,2.53433,0.66,2.67833,1.422,3.5,1.375,1.09233,0.813333,SF,False,0.00233333,0.0,,fd,7.95684,15.2,20.4,25.625,29.0,35.105,41.401,1699794354000,20231112,300e0f66-2bd7-4f3f-9756-85396a5cab6f,56.398735580650424,POR -vs- LAL
Anthony Davis,PF/C,LAL,POR,34.7401,67.9047,48.0114,21.4287,3.437,10.0997,1.67333,8.42633,2.721,1.00367,2.59133,1.86633,12.4757,8.09567,0.741,0.289333,5.549,4.36933,PF/C,False,0.538333,0.005,P,fd,11.9521,39.9,47.7,55.7,60.2,68.4,78.401,1699794354000,20231112,300e0f66-2bd7-4f3f-9756-85396a5cab6f,64.53705917513449,LAL -vs- POR
Toumani Camara,SF/PF,POR,LAL,24.2914,47.0047,19.0574,7.37667,2.53267,4.28033,1.267,3.01333,0.456667,0.807,2.04667,1.04567,4.02167,1.80567,2.53767,0.825,1.68733,1.29033,SF/PF,False,0.007,0.000333333,,fd,7.36762,13.7,18.5,23.8,26.7,31.605,38.901,1699794354000,20231112,300e0f66-2bd7-4f3f-9756-85396a5cab6f,46.394454320099285,POR -vs- LAL
Ish Wainright,SF,POR,LAL,6.14468,11.871,3.3468,1.3,0.414,0.715667,0.22,0.495667,0.102667,0.123333,0.575333,0.111,0.39,0.143,0.714333,0.289333,0.184,0.146,SF,False,0.0,0.0,Q,fd,3.31771,0.2,2.7,5.1,6.9,9.805,13.7,1699794354000,20231112,300e0f66-2bd7-4f3f-9756-85396a5cab6f,52.24868766938958,POR -vs- LAL
Cam Reddish,SG/SF,LAL,POR,29.9858,58.5143,17.2431,8.23833,1.64767,2.47467,0.415,2.05967,0.423667,1.143,2.356,1.13633,3.32567,1.81533,2.72,0.991,1.99067,1.63467,SG/SF,False,0.0,0.0,,fd,6.98182,12.2,16.7,21.6,24.7,29.905,35.901,1699794354000,20231112,300e0f66-2bd7-4f3f-9756-85396a5cab6f,54.61479042025118,LAL -vs- POR
Deandre Ayton,C,POR,LAL,34.4158,66.8047,36.5957,15.656,2.662,11.067,3.02933,8.03767,0.840667,0.903333,2.86867,1.56567,12.1617,6.79533,0.0413333,0.018,2.736,2.01133,C,False,0.592667,0.0113333,,fd,9.86676,29.675,36.1,42.8,46.5,53.51,62.506,1699794354000,20231112,300e0f66-2bd7-4f3f-9756-85396a5cab6f,55.90683752374912,POR -vs- LAL
LeBron James,SF/PF,LAL,POR,35.4514,69.1643,45.4014,22.515,7.291,7.666,1.28467,6.38133,0.696,1.195,2.65367,2.92233,10.7787,6.60133,5.19033,1.75733,5.47367,4.04033,SF/PF,False,0.375333,0.0556667,Q,fd,11.1251,37.7,45.0,52.3,56.815,65.205,72.402,1699794354000,20231112,300e0f66-2bd7-4f3f-9756-85396a5cab6f,57.84524795807886,LAL -vs- POR
Justin Minaya,SF,POR,LAL,15.3768,29.8603,10.2156,4.55967,1.257,2.11733,0.644,1.47333,0.274333,0.326333,1.312,0.572333,2.45633,0.962667,1.809,0.635667,0.947333,0.727333,SF,False,0.0,0.0,,fd,5.65697,6.2,9.6,13.7,15.9,20.405,26.103,1699794354000,20231112,300e0f66-2bd7-4f3f-9756-85396a5cab6f,44.92424970635332,POR -vs- LAL
Skylar Mays,SG,POR,LAL,34.3942,66.6037,34.1084,15.63,7.42467,3.62867,1.02933,2.59933,0.118,1.41533,2.793,1.613,8.11133,4.129,5.17267,1.708,2.741,2.248,SG,False,0.244333,0.003,,fd,10.3065,27.0,33.45,40.6,44.8,52.105,60.301,1699794354000,20231112,300e0f66-2bd7-4f3f-9756-85396a5cab6f,50.36886479975911,POR -vs- LAL
Taurean Prince,SF/PF,LAL,POR,33.2888,64.9223,22.3496,11.9387,1.93433,3.79567,0.651,3.14467,0.528333,0.916,2.694,1.37833,3.80167,2.07967,4.559,2.05667,2.00933,1.60933,SF/PF,False,0.004,0.0,,fd,8.1286,16.4,21.9,27.9,31.0,36.2,42.803,1699794354000,20231112,300e0f66-2bd7-4f3f-9756-85396a5cab6f,61.77345834723773,LAL -vs- POR
Austin Reaves,SF/SG,LAL,POR,26.3124,51.099,28.111,15.9947,4.05167,3.81933,0.636,3.18333,0.304333,0.85,2.01367,2.00733,5.29667,3.74167,4.327,1.72133,3.906,3.34733,SF/SG,False,0.0186667,0.001,,fd,9.20884,21.5,27.6,34.2,37.4,43.8,52.7,1699794354000,20231112,300e0f66-2bd7-4f3f-9756-85396a5cab6f,65.70949544196756,LAL -vs- POR
Shaedon Sharpe,SF/SG,POR,LAL,36.9239,71.5277,35.3518,20.5713,4.44067,5.164,1.45367,3.71033,0.474,0.926667,3.08267,2.27933,9.05233,4.60267,7.02233,2.83733,3.68767,2.854,SF/SG,False,0.107,0.00133333,,fd,10.2181,28.3,34.7,41.8,46.0,52.8,61.6,1699794354000,20231112,300e0f66-2bd7-4f3f-9756-85396a5cab6f,55.109501538446224,POR -vs- LAL
Jabari Walker,SF,POR,LAL,18.0291,34.941,15.9205,6.969,1.742,3.52067,1.02667,2.494,0.449667,0.543667,1.54733,0.866333,4.28267,2.03833,2.09533,0.509667,1.75733,1.36333,SF,False,0.00533333,0.0,,fd,7.42479,10.6,15.2,20.525,23.6,29.6,36.0,1699794354000,20231112,300e0f66-2bd7-4f3f-9756-85396a5cab6f,43.945288491690185,POR -vs- LAL
Jaxson Hayes,PF/C,LAL,POR,7.41635,14.482,5.50793,2.324,0.314,1.38967,0.245333,1.14433,0.231667,0.214333,0.594667,0.292667,1.04133,0.776667,0.281667,0.103,0.635667,0.461667,PF/C,False,0.0,0.0,P,fd,4.52735,2.0,4.6,8.1,10.1,14.205,19.5,1699794354000,20231112,300e0f66-2bd7-4f3f-9756-85396a5cab6f,70.38315279626485,LAL -vs- POR
Jerami Grant,PF/SF,POR,LAL,36.3801,70.4273,36.6343,24.0357,3.46867,3.975,1.13,2.845,0.805333,0.786333,3.05133,2.14933,11.671,5.51167,7.14333,2.428,6.934,5.72833,PF/SF,False,0.023,0.000333333,,fd,10.4275,29.3,35.9,43.4,47.415,55.005,63.101,1699794354000,20231112,300e0f66-2bd7-4f3f-9756-85396a5cab6f,48.65264933696815,POR -vs- LAL
Rui Hachimura,PF/SF,LAL,POR,19.9349,38.625,16.8003,9.61833,0.819667,3.514,0.585,2.929,0.399667,0.403,1.52967,0.672333,4.786,2.98433,1.879,0.752,1.81,1.39367,PF/SF,False,0.00433333,0.0,,fd,7.27155,11.6,16.2,21.2,24.4,29.6,36.3,1699794354000,20231112,300e0f66-2bd7-4f3f-9756-85396a5cab6f,61.70037509377345,LAL -vs- POR
D'Angelo Russell,PG/SG,LAL,POR,35.7324,69.5617,32.0396,16.244,6.542,3.273,0.571333,2.70167,0.516333,0.918,2.747,2.248,5.887,3.906,5.83167,2.13767,2.482,2.019,PG/SG,False,0.112333,0.000666667,,fd,9.19542,25.5,31.8,37.9,41.4,47.3,55.8,1699794354000,20231112,300e0f66-2bd7-4f3f-9756-85396a5cab6f,60.69379033627536,LAL -vs- POR
Christian Wood,PF/C,LAL,POR,17.9547,34.8517,17.8662,7.133,1.27633,5.14033,0.839,4.30133,0.775667,0.397667,1.44367,0.869667,2.90833,1.87833,1.67433,0.697667,1.78833,1.28333,PF/C,False,0.0266667,0.0,,fd,7.90743,12.3,17.2,22.7,25.7,32.1,39.401,1699794354000,20231112,300e0f66-2bd7-4f3f-9756-85396a5cab6f,63.823859941605974,LAL -vs- POR
Moses Brown,C,POR,LAL,5.16112,10.0567,4.41683,1.44,0.247,1.62,0.488667,1.13133,0.167,0.121667,0.434333,0.203667,0.913333,0.473,0.173333,0.063,0.521333,0.305,C,False,0.0,0.0,,fd,4.02857,1.2,3.5,6.6,8.6,12.1,16.3,1699794354000,20231112,300e0f66-2bd7-4f3f-9756-85396a5cab6f,52.2239584196064,POR -vs- LAL
Obi Toppin,PF,IND,PHI,23.3058,47.9003,17.1439,8.087,1.39933,4.28133,0.992667,3.28867,0.313667,0.512667,2.051,0.658667,3.627,2.24367,3.59833,0.839,1.37967,1.08267,PF,False,0.006,0.0,,fd,6.84928,12.2,16.6,21.4,24.2,29.2,35.601,1699794192000,20231112,300e0f66-2bd7-4f3f-9756-85396a5cab6f,48.47072728858059,IND -vs- PHI
Tyrese Maxey,PG,PHI,IND,36.0597,74.52,42.0756,25.0627,6.617,4.28533,0.921,3.36433,0.308667,0.785333,2.98333,1.337,11.3343,5.96167,7.46267,2.98533,4.835,4.18333,PG,False,0.147333,0.00366667,,fd,10.2996,34.9,41.8,48.8,52.7,59.8,67.501,1699794192000,20231112,300e0f66-2bd7-4f3f-9756-85396a5cab6f,55.53908422474473,PHI -vs- IND
Aaron Nesmith,SF/PF,IND,PHI,23.54,48.211,20.2376,10.0637,1.34033,4.45867,1.107,3.35167,0.506333,0.749667,2.00733,0.955,3.37967,1.80033,3.944,1.66,1.84267,1.483,SF/PF,False,0.00933333,0.0,Q,fd,7.79151,14.7,19.8,25.3,28.315,33.8,40.3,1699794192000,20231112,300e0f66-2bd7-4f3f-9756-85396a5cab6f,58.58169469678454,IND -vs- PHI
Andrew Nembhard,SG/PG,IND,PHI,19.7153,40.2637,16.5681,8.249,3.67367,1.663,0.402,1.261,0.113,0.590333,1.685,1.297,4.41667,2.299,2.79867,0.961333,0.984667,0.767,SG/PG,False,0.00333333,0.0,,fd,7.01088,11.5,16.1,21.1,23.715,29.1,34.4,1699794192000,20231112,300e0f66-2bd7-4f3f-9756-85396a5cab6f,51.847861639229755,IND -vs- PHI
Marcus Morris,PF/SF,PHI,IND,6.18023,12.5407,3.70817,2.08533,0.304333,0.606667,0.147333,0.459333,0.110333,0.106,0.483667,0.210667,1.068,0.442667,0.805,0.306333,0.341,0.281,PF/SF,False,0.0,0.0,,fd,3.65324,1.0,3.0,5.7,7.5,10.7,14.9,1699794192000,20231112,300e0f66-2bd7-4f3f-9756-85396a5cab6f,48.16692471970101,PHI -vs- IND
De'Anthony Melton,PG/SG,PHI,IND,30.1616,62.5293,25.1882,9.29867,4.30467,4.11767,0.879333,3.23833,0.518667,1.364,2.521,1.15667,3.23833,1.54067,4.65733,1.73733,1.306,1.00533,PG/SG,False,0.0156667,0.000333333,,fd,8.44693,19.3,24.6,30.8,34.0,40.3,46.901,1699794192000,20231112,300e0f66-2bd7-4f3f-9756-85396a5cab6f,52.518282195535285,PHI -vs- IND
Jaden Springer,PG,PHI,IND,13.3841,27.3927,12.0161,5.60633,1.43433,1.64133,0.374667,1.26667,0.319333,0.630333,1.091,0.560333,3.42967,1.844,1.43133,0.327,1.255,0.937333,PG,False,0.0,0.0,,fd,6.51111,7.375,11.4,15.9,18.9,23.805,30.101,1699794192000,20231112,300e0f66-2bd7-4f3f-9756-85396a5cab6f,48.025097716519234,PHI -vs- IND
Robert Covington,PF/SF,PHI,IND,22.3622,45.866,21.547,7.65333,1.81333,4.45,1.02767,3.42233,1.01867,1.17867,1.854,0.758333,1.94033,1.182,3.14967,1.50933,0.978333,0.761333,PF/SF,False,0.00733333,0.0,,fd,8.14926,15.7,21.1,26.8,30.015,35.7,42.001,1699794192000,20231112,300e0f66-2bd7-4f3f-9756-85396a5cab6f,67.70127701375246,PHI -vs- IND
Myles Turner,C,IND,PHI,31.37,64.5777,36.9321,18.3567,1.99533,8.21533,1.94,6.27533,1.87233,0.594333,2.755,1.676,8.261,4.87267,5.02133,1.627,4.803,3.73033,C,False,0.289667,0.000333333,,fd,10.6095,29.6,36.6,43.7,48.0,55.0,64.3,1699794192000,20231112,300e0f66-2bd7-4f3f-9756-85396a5cab6f,55.05939093517479,IND -vs- PHI
Furkan Korkmaz,SF,PHI,IND,19.6264,40.168,12.7289,7.439,1.05467,2.14467,0.479333,1.66533,0.213667,0.489,1.59733,0.973667,3.22267,1.65067,3.31767,0.976333,1.56667,1.20867,SF,False,0.0,0.0,,fd,6.25554,8.2,12.1,16.6,19.0,24.1,29.3,1699794192000,20231112,300e0f66-2bd7-4f3f-9756-85396a5cab6f,47.63008498029155,PHI -vs- IND
Bennedict Mathurin,SG/SF,IND,PHI,33.0254,67.927,27.2809,17.1217,2.77867,4.42633,1.012,3.41433,0.213667,0.714333,2.924,2.10433,8.58167,4.317,3.89833,1.31333,5.517,4.54767,SG/SF,False,0.0193333,0.0,,fd,8.84092,20.8,26.7,32.925,36.7,42.6,49.802,1699794192000,20231112,300e0f66-2bd7-4f3f-9756-85396a5cab6f,50.37656250000001,IND -vs- PHI
Nicolas Batum,SF/PF,PHI,IND,28.5962,59.2417,18.3265,6.81133,2.083,3.925,0.821,3.104,0.62,0.777,2.30433,0.510333,1.145,0.657333,3.33867,1.644,0.747667,0.564667,SF/PF,False,0.00433333,0.0,,fd,7.07948,13.2,17.9,22.9,25.6,30.7,36.9,1699794192000,20231112,300e0f66-2bd7-4f3f-9756-85396a5cab6f,69.66018908617271,PHI -vs- IND
Joel Embiid,C,PHI,IND,35.4109,73.6573,65.7612,37.756,5.84333,11.626,2.378,9.248,1.93133,1.08633,2.851,3.764,20.2367,11.6247,2.701,1.023,13.358,11.4377,C,False,0.736,0.0703333,,fd,14.3549,56.1,65.4,75.225,80.615,89.115,102.11,1699794192000,20231112,300e0f66-2bd7-4f3f-9756-85396a5cab6f,57.369309041447046,PHI -vs- IND
Paul Reed,C,PHI,IND,13.2078,27.102,13.2953,4.60433,0.512,4.023,0.914333,3.10867,0.652,0.596333,1.121,0.649667,3.11433,1.78667,0.325333,0.108,0.941,0.707,C,False,0.00433333,0.0,,fd,6.95307,8.2,12.6,17.525,20.6,25.7,32.9,1699794192000,20231112,300e0f66-2bd7-4f3f-9756-85396a5cab6f,56.652933732170865,PHI -vs- IND
Bruce Brown,SF,IND,PHI,34.2223,70.3353,28.7401,13.7147,2.568,5.38567,1.26833,4.11733,0.840667,1.18367,2.96467,1.36233,6.70367,3.69267,3.03533,1.47367,2.50167,1.90833,SF,False,0.0376667,0.0,,fd,8.72001,22.5,28.4,34.5,37.8,43.7,50.702,1699794192000,20231112,300e0f66-2bd7-4f3f-9756-85396a5cab6f,60.61376938083992,IND -vs- PHI
Tyrese Haliburton,PG,IND,PHI,34.6373,71.2453,45.4743,19.793,11.925,3.609,0.810667,2.79833,0.528667,1.45467,3.005,2.487,7.665,4.334,6.866,2.624,3.787,3.253,PG,False,0.695667,0.00266667,,fd,11.4126,37.675,45.6,53.1,57.415,64.105,73.102,1699794192000,20231112,300e0f66-2bd7-4f3f-9756-85396a5cab6f,56.91280710205767,IND -vs- PHI
Buddy Hield,SG/SF,IND,PHI,20.9366,42.8897,19.4745,10.1813,2.062,3.88067,0.964,2.91667,0.29,0.614333,1.75833,1.16967,2.698,1.379,5.81767,2.235,0.882333,0.718333,SG/SF,False,0.009,0.000333333,,fd,7.84535,13.8,18.9,24.2,27.6,33.5,40.101,1699794192000,20231112,300e0f66-2bd7-4f3f-9756-85396a5cab6f,55.56227519384851,IND -vs- PHI
Jalen Smith,C,IND,PHI,20.2487,41.615,24.2923,10.749,1.29667,7.18467,1.76433,5.42033,0.984333,0.391333,1.716,1.15033,4.96067,3.051,2.73867,0.976333,2.27767,1.718,C,False,0.156,0.0,Q,fd,8.98801,17.9,23.7,30.0,33.7,39.8,47.301,1699794192000,20231112,300e0f66-2bd7-4f3f-9756-85396a5cab6f,58.64787761028868,IND -vs- PHI
Tobias Harris,PF/SF,PHI,IND,36.0122,74.5457,32.7364,16.4573,3.12633,6.77767,1.41533,5.36233,0.696333,0.886,2.93267,1.29067,7.963,4.57367,3.518,1.684,2.65667,2.258,PF/SF,False,0.140667,0.0,,fd,9.27595,26.2,32.4,38.8,42.5,48.2,56.001,1699794192000,20231112,300e0f66-2bd7-4f3f-9756-85396a5cab6f,61.83842870830066,PHI -vs- IND
Kyle Kuzma,SF/PF,WAS,BKN,32.6004,67.483,38.6439,23.2787,3.584,8.06133,1.86667,6.19467,0.522,0.538667,2.669,2.86633,11.698,6.12267,8.03967,2.567,4.61567,3.33233,SF/PF,False,0.301333,0.001,,fd,10.9752,30.9,38.25,46.0,50.6,57.1,65.803,1699794202000,20231112,300e0f66-2bd7-4f3f-9756-85396a5cab6f,50.52860849330239,WAS -vs- BKN
Spencer Dinwiddie,SG/PG,BKN,WAS,27.9533,58.2793,29.5892,14.1227,7.29567,3.03333,0.592667,2.44067,0.215,0.591667,2.19833,1.537,5.29167,2.68667,4.59733,1.935,3.76367,2.94433,SG/PG,False,0.163333,0.0,,fd,8.81841,23.2,29.3,35.4,38.5,44.705,52.002,1699794202000,20231112,300e0f66-2bd7-4f3f-9756-85396a5cab6f,56.519061583577724,BKN -vs- WAS
Dennis Smith,PG,BKN,WAS,20.7851,42.6973,23.3956,8.36167,5.329,3.08067,0.648333,2.43233,0.416,1.11367,1.70433,1.24533,5.235,2.63167,1.74633,0.635667,1.656,1.19133,PG,False,0.0333333,0.0,,fd,8.68181,17.3,22.9,28.9,32.315,38.6,45.901,1699794202000,20231112,300e0f66-2bd7-4f3f-9756-85396a5cab6f,51.35368905351846,BKN -vs- WAS
Ryan Rollins,SG,WAS,BKN,7.11142,14.635,5.2694,2.43633,0.658,1.10367,0.259333,0.844333,0.114333,0.217,0.562667,0.472333,1.44867,0.512,0.77,0.277333,0.737667,0.580333,SG,False,0.0,0.0,,fd,4.49352,1.7,4.4,7.9,9.9,13.705,19.201,1699794202000,20231112,300e0f66-2bd7-4f3f-9756-85396a5cab6f,41.82683770006356,WAS -vs- BKN
Daniel Gafford,C,WAS,BKN,30.3829,62.9373,30.6342,10.357,1.81533,9.351,2.13133,7.21967,1.97633,0.544,2.48433,1.228,6.19033,4.08967,0.120667,0.0456667,2.91,2.04067,C,False,0.278667,0.0,,fd,9.4369,23.8,29.9,36.8,40.615,46.9,55.303,1699794202000,20231112,300e0f66-2bd7-4f3f-9756-85396a5cab6f,65.88768858549608,WAS -vs- BKN
Bilal Coulibaly,SF,WAS,BKN,20.223,41.672,17.4562,6.883,1.463,3.91333,0.916667,2.99667,0.753333,0.859333,1.54533,1.15533,3.575,1.75667,2.46933,0.757667,1.51333,1.09667,SF,False,0.005,0.0,,fd,7.47754,12.1,17.0,22.025,25.1,30.505,37.803,1699794202000,20231112,300e0f66-2bd7-4f3f-9756-85396a5cab6f,47.86585940873512,WAS -vs- BKN
Lonnie Walker,SG/SF,BKN,WAS,21.0505,43.2903,20.6348,13.2447,1.45633,2.56833,0.511333,2.057,0.400333,0.612,1.65067,0.913333,5.121,2.80233,4.674,1.97333,2.15433,1.72,SG/SF,False,0.000666667,0.0,,fd,7.96111,14.9,20.0,25.6,28.8,34.6,41.701,1699794202000,20231112,300e0f66-2bd7-4f3f-9756-85396a5cab6f,58.8292496171516,BKN -vs- WAS
Royce O'Neale,SF/PF,BKN,WAS,24.172,49.78,26.0752,9.96967,4.239,5.567,1.14067,4.42633,0.676,0.741,1.915,1.18433,1.987,1.125,5.35,2.34567,0.893,0.682667,SF/PF,False,0.0523333,0.00133333,,fd,9.13917,19.675,25.3,32.1,35.5,42.105,49.301,1699794202000,20231112,300e0f66-2bd7-4f3f-9756-85396a5cab6f,63.28887828812867,BKN -vs- WAS
Armoni Brooks,SG,BKN,WAS,12.0767,24.749,9.18877,5.129,0.769667,1.59467,0.333333,1.26133,0.116333,0.373333,0.966333,0.477333,0.965,0.539667,3.05233,1.216,0.520333,0.401667,SG,False,0.0,0.0,,fd,5.72522,5.0,8.4,12.8,15.2,19.705,24.9,1699794202000,20231112,300e0f66-2bd7-4f3f-9756-85396a5cab6f,58.836764716864174,BKN -vs- WAS
Landry Shamet,SG,WAS,BKN,18.1688,37.2417,13.718,7.53233,1.714,1.90833,0.456333,1.452,0.107333,0.551667,1.48767,0.652333,2.06667,1.00667,4.09833,1.56733,1.003,0.817,SG,False,0.0,0.0,,fd,6.65827,8.9,13.0,17.8,20.7,25.7,31.301,1699794202000,20231112,300e0f66-2bd7-4f3f-9756-85396a5cab6f,54.46334144363342,WAS -vs- BKN
Nic Claxton,C,BKN,WAS,26.8828,56.3403,31.7419,13.0033,2.002,8.75267,1.774,6.97867,1.49267,0.577667,2.09533,0.978667,7.97267,5.55667,0.055,0.0236667,3.29267,1.819,C,False,0.302333,0.0,,fd,9.37836,25.1,31.1,37.7,41.3,48.005,56.001,1699794202000,20231112,300e0f66-2bd7-4f3f-9756-85396a5cab6f,69.66118500137648,BKN -vs- WAS
Deni Avdija,SF/PF,WAS,BKN,31.225,64.5837,31.2033,13.1687,3.72133,8.65167,1.937,6.71467,0.327667,0.968667,2.53167,1.81833,6.38,3.518,3.775,1.325,2.886,2.15767,SF/PF,False,0.282333,0.003,,fd,9.37669,24.6,30.5,37.1,41.0,47.7,56.001,1699794202000,20231112,300e0f66-2bd7-4f3f-9756-85396a5cab6f,54.21467257508616,WAS -vs- BKN
Day'Ron Sharpe,C,BKN,WAS,11.2314,23.2777,12.6188,5.142,0.649,4.11467,0.860667,3.254,0.467667,0.297667,0.931,0.730333,3.29167,1.918,0.582333,0.125667,1.33933,0.929,C,False,0.00866667,0.0,,fd,6.94246,7.4,12.0,16.8,19.9,25.2,31.201,1699794202000,20231112,300e0f66-2bd7-4f3f-9756-85396a5cab6f,54.37529346260186,BKN -vs- WAS
Dorian Finney-Smith,SF/PF,BKN,WAS,33.4667,69.6233,25.8199,11.2453,2.61167,6.24533,1.27467,4.97067,0.609333,0.782667,2.61833,1.01333,2.932,1.65567,6.02033,2.33433,1.25867,0.931,SF/PF,False,0.0613333,0.000333333,,fd,7.98458,20.3,25.6,31.0,34.2,39.5,45.804,1699794202000,20231112,300e0f66-2bd7-4f3f-9756-85396a5cab6f,57.60695818853863,BKN -vs- WAS
Danilo Gallinari,SF/PF,WAS,BKN,17.5137,35.996,16.1912,9.463,1.03367,3.75867,0.896667,2.862,0.107,0.313,1.335,0.592667,3.74567,1.895,3.623,1.31067,1.96967,1.741,SF/PF,False,0.00833333,0.0,,fd,7.11642,11.1,15.6,20.7,23.7,29.0,35.2,1699794202000,20231112,300e0f66-2bd7-4f3f-9756-85396a5cab6f,52.39758328165056,WAS -vs- BKN
Tyus Jones,PG,WAS,BKN,32.294,66.6327,31.1983,11.8703,7.10333,4.19967,0.968667,3.231,0.113,1.44933,2.62333,1.05367,5.72767,2.848,4.27067,1.735,1.21333,0.969333,PG,False,0.140667,0.00533333,,fd,9.236,24.7,30.5,37.1,40.7,47.7,54.4,1699794202000,20231112,300e0f66-2bd7-4f3f-9756-85396a5cab6f,54.51404933218915,WAS -vs- BKN
Mikal Bridges,SG/SF,BKN,WAS,34.7189,72.3023,40.0959,24.7503,3.90067,5.12633,1.039,4.08733,0.622,1.10167,2.72367,1.828,12.125,6.43633,6.45667,2.44867,5.15533,4.53167,SG/SF,False,0.049,0.000333333,,fd,10.2245,33.2,39.7,46.6,50.7,57.705,65.301,1699794202000,20231112,300e0f66-2bd7-4f3f-9756-85396a5cab6f,54.40487857119408,BKN -vs- WAS
Corey Kispert,SF,WAS,BKN,19.0254,39.2103,13.0349,8.86767,0.626667,2.078,0.478667,1.59933,0.115667,0.316333,1.45433,0.562333,2.24833,1.37967,4.16567,1.73933,1.10933,0.890333,SF,False,0.0,0.0,,fd,6.29725,8.6,12.4,17.1,19.7,24.205,30.001,1699794202000,20231112,300e0f66-2bd7-4f3f-9756-85396a5cab6f,62.18685687558465,WAS -vs- BKN
Cameron Johnson,SF/PF,BKN,WAS,28.7701,60.0003,29.2062,16.783,2.32767,4.84667,0.966667,3.88,0.312333,1.09233,2.20467,1.09833,5.11,2.89633,7.506,2.84567,2.941,2.45333,SF/PF,False,0.028,0.0,,fd,9.35304,22.4,28.7,35.2,38.8,45.5,52.7,1699794202000,20231112,300e0f66-2bd7-4f3f-9756-85396a5cab6f,56.79165345592898,BKN -vs- WAS
Jordan Poole,PG/SG,WAS,BKN,32.5629,67.4033,33.2599,20.3897,4.874,2.96467,0.656667,2.308,0.530667,0.987667,2.61833,2.55333,7.64633,4.02367,7.53167,2.855,4.31333,3.77733,PG/SG,False,0.0296667,0.0,,fd,10.0053,26.2,32.7,39.8,43.9,50.505,57.7,1699794202000,20231112,300e0f66-2bd7-4f3f-9756-85396a5cab6f,54.72506259059165,WAS -vs- BKN
David Roddy,SF/PF,MEM,LAC,10.3028,21.0347,7.29243,3.94133,0.596333,1.51467,0.434333,1.08033,0.107333,0.243333,0.917333,0.413,1.86367,0.963333,1.532,0.509333,0.652667,0.486667,SF/PF,False,0.0,0.0,,fd,4.88706,3.6,6.6,10.2,12.4,16.1,20.905,1699794364000,20231112,300e0f66-2bd7-4f3f-9756-85396a5cab6f,50.868679818710305,MEM -vs- LAC
Bones Hyland,PG,LAC,MEM,6.06216,12.2697,4.82913,2.47267,0.627333,0.685667,0.144667,0.541,0.103,0.199333,0.485667,0.314333,0.931,0.456667,1.12033,0.412667,0.394667,0.321333,PG,False,0.0,0.0,,fd,4.35542,1.5,4.0,7.2,9.2,13.5,18.4,1699794364000,20231112,300e0f66-2bd7-4f3f-9756-85396a5cab6f,52.43756489692053,LAC -vs- MEM
Moussa Diabate,PF,LAC,MEM,12.4253,25.3467,9.32663,3.29133,0.240333,2.73567,0.527,2.20867,0.572667,0.395,1.02567,0.511,1.98033,1.06367,0.768,0.156,0.912667,0.696,PF,False,0.0,0.0,,fd,5.53397,5.2,8.65,12.7,14.8,19.405,25.201,1699794364000,20231112,300e0f66-2bd7-4f3f-9756-85396a5cab6f,47.21667339802716,LAC -vs- MEM
James Harden,SG/PG,LAC,MEM,35.2098,72.5413,38.6331,18.8167,7.11,5.924,1.101,4.823,0.598,1.079,2.824,2.98833,5.779,3.332,5.86867,2.575,5.00267,4.42767,SG/PG,False,0.241667,0.0166667,,fd,10.2488,31.575,37.9,45.4,49.3,56.2,63.803,1699794364000,20231112,300e0f66-2bd7-4f3f-9756-85396a5cab6f,61.76771835053706,LAC -vs- MEM
Jaren Jackson,PF/C,MEM,LAC,33.1051,67.6423,42.0341,21.4043,1.93433,7.90967,2.19133,5.71833,2.14767,1.25433,2.938,1.96933,10.8413,5.469,5.598,1.73133,6.62167,5.27233,PF/C,False,0.279333,0.0,,fd,11.6509,33.8,41.6,49.7,53.9,62.105,71.602,1699794364000,20231112,300e0f66-2bd7-4f3f-9756-85396a5cab6f,49.065319082929335,MEM -vs- LAC
Luke Kennard,SG/SF,MEM,LAC,22.47,45.8677,19.8043,9.745,2.617,3.44567,0.964,2.48167,0.209333,0.747333,1.949,0.871,2.49667,1.175,5.16433,2.19333,0.947667,0.815,SG/SF,False,0.00166667,0.0,,fd,7.56961,14.4,19.4,24.7,27.6,32.8,39.102,1699794364000,20231112,300e0f66-2bd7-4f3f-9756-85396a5cab6f,58.28214332332594,MEM -vs- LAC
Ziaire Williams,SF,MEM,LAC,29.7936,60.876,19.5918,9.50167,1.88333,4.589,1.29233,3.29667,0.322667,0.758667,2.59533,1.48567,4.16067,2.09367,4.249,1.32667,1.669,1.33433,SF,False,0.013,0.0,,fd,7.29466,14.5,19.2,24.3,27.1,31.9,38.403,1699794364000,20231112,300e0f66-2bd7-4f3f-9756-85396a5cab6f,48.559277593532215,MEM -vs- LAC
Marcus Smart,PG,MEM,LAC,32.5512,66.475,28.6287,12.1037,5.524,2.54167,0.698667,1.843,0.319,2.15367,2.83,2.229,4.92267,2.27433,5.92167,1.92467,2.30567,1.781,PG,False,0.0463333,0.0,,fd,9.24752,21.9,28.2,34.4,38.1,45.1,51.902,1699794364000,20231112,300e0f66-2bd7-4f3f-9756-85396a5cab6f,47.59473605585956,MEM -vs- LAC
Paul George,SG/SF,LAC,MEM,35.334,72.6513,36.2268,21.884,2.88967,5.71833,1.033,4.68533,0.508333,1.52467,2.841,2.95267,9.14233,4.66033,7.642,2.79067,4.748,4.19133,SG/SF,False,0.0713333,0.001,,fd,10.2537,28.8,35.9,42.925,46.7,53.605,62.503,1699794364000,20231112,300e0f66-2bd7-4f3f-9756-85396a5cab6f,52.70591676879566,LAC -vs- MEM
P.J. Tucker,PF,LAC,MEM,11.3071,23.1303,4.65927,1.373,0.186,1.648,0.298667,1.34933,0.109,0.301667,0.890667,0.202333,0.423333,0.162333,0.619,0.319333,0.12,0.0903333,PF,False,0.0,0.0,,fd,3.74173,1.7,4.0,6.8,8.6,11.9,15.801,1699794364000,20231112,300e0f66-2bd7-4f3f-9756-85396a5cab6f,61.52856140983736,LAC -vs- MEM
Kenneth Lofton,PF,MEM,LAC,11.1472,22.8377,10.3204,4.57567,1.052,2.72533,0.747,1.97833,0.107333,0.370667,0.977667,0.537667,2.87033,1.445,1.13433,0.23,1.44333,0.995667,PF,False,0.00133333,0.0,,fd,6.00761,5.7,9.7,14.1,16.6,21.4,27.201,1699794364000,20231112,300e0f66-2bd7-4f3f-9756-85396a5cab6f,44.69792691514385,MEM -vs- LAC
Terance Mann,SG/SF,LAC,MEM,22.4484,45.8467,19.2758,10.665,1.707,3.625,0.662333,2.96267,0.31,0.646667,1.824,1.16967,4.23867,2.68567,2.55933,1.266,1.94633,1.49567,SG/SF,False,0.006,0.0,,fd,7.61557,13.9,18.9,24.2,27.1,32.4,39.201,1699794364000,20231112,300e0f66-2bd7-4f3f-9756-85396a5cab6f,67.44145336863784,LAC -vs- MEM
Jacob Gilyard,PG,MEM,LAC,17.1698,35.0647,15.6629,5.259,4.52333,1.23933,0.362667,0.876667,0.118333,0.87,1.48867,0.833333,2.33367,0.792,1.92133,0.961667,1.01433,0.79,PG,False,0.00766667,0.0,,fd,7.02733,10.675,15.0,20.1,22.915,28.1,34.902,1699794364000,20231112,300e0f66-2bd7-4f3f-9756-85396a5cab6f,52.51470035252645,MEM -vs- LAC
Russell Westbrook,PG,LAC,MEM,32.2471,66.3877,29.0303,13.7273,4.248,6.29,1.15467,5.13533,0.425333,0.988667,2.643,2.859,8.378,4.14467,2.73367,0.994333,3.747,2.455,PG,False,0.108667,0.00166667,,fd,8.97275,22.4,28.6,35.0,38.5,44.705,51.103,1699794364000,20231112,300e0f66-2bd7-4f3f-9756-85396a5cab6f,50.722974134401035,LAC -vs- MEM
Desmond Bane,SG/SF,MEM,LAC,34.9487,71.3727,41.0901,24.2357,4.55433,5.03133,1.40433,3.627,0.513,1.64867,3.02067,2.49967,10.987,5.45067,9.085,3.29633,3.90667,3.44533,SG/SF,False,0.0596667,0.001,,fd,11.2122,33.4,40.5,48.3,52.9,60.2,69.102,1699794364000,20231112,300e0f66-2bd7-4f3f-9756-85396a5cab6f,51.78938322040653,MEM -vs- LAC
Ivica Zubac,C,LAC,MEM,31.5806,65.1947,29.7036,11.788,0.557333,10.358,1.871,8.487,1.655,0.399,2.47533,1.512,7.43267,4.738,0.055,0.0203333,3.211,2.251,C,False,0.398333,0.0,,fd,8.91301,23.3,29.4,35.6,39.2,44.705,51.9,1699794364000,20231112,300e0f66-2bd7-4f3f-9756-85396a5cab6f,63.68469697516051,LAC -vs- MEM
Kawhi Leonard,SF/PF,LAC,MEM,34.9113,71.9147,38.8069,22.7743,2.55,6.06433,1.10933,4.955,0.755667,1.47067,2.84667,1.74867,11.2443,6.18467,4.60067,2.048,4.887,4.261,SF/PF,False,0.101333,0.000333333,,fd,10.683,31.3,38.3,45.5,49.6,57.6,65.802,1699794364000,20231112,300e0f66-2bd7-4f3f-9756-85396a5cab6f,58.42024314340766,LAC -vs- MEM
Bismack Biyombo,C,MEM,LAC,30.4091,62.2577,30.5549,9.889,2.288,8.963,2.434,6.529,1.81633,0.859667,2.83567,1.54967,7.59167,3.95233,0.392667,0.129667,2.94767,1.59533,C,False,0.231,0.000666667,,fd,9.3686,23.9,30.1,36.7,40.315,46.3,54.5,1699794364000,20231112,300e0f66-2bd7-4f3f-9756-85396a5cab6f,51.93706753610224,MEM -vs- LAC
Norman Powell,SF/SG,LAC,MEM,19.4819,39.8203,15.2235,9.613,0.899333,2.066,0.368667,1.69733,0.317667,0.618333,1.62133,1.02567,3.491,1.95033,2.72933,1.28667,2.25433,1.85233,SF/SG,False,0.000333333,0.0,,fd,6.946,10.2,14.7,19.5,22.3,27.605,33.605,1699794364000,20231112,300e0f66-2bd7-4f3f-9756-85396a5cab6f,62.38149744466933,LAC -vs- MEM
Santi Aldama,PF/C,MEM,LAC,19.1102,39.0633,19.2165,8.13,1.546,5.29933,1.49167,3.80767,0.431333,0.639667,1.68567,0.804667,3.743,1.988,2.978,1.035,1.39,1.049,PF/C,False,0.0303333,0.0,,fd,7.9396,13.5,18.7,24.1,27.7,33.4,40.102,1699794364000,20231112,300e0f66-2bd7-4f3f-9756-85396a5cab6f,52.678172890938846,MEM -vs- LAC
Jonathan Kuminga,SF,GS,MIN,17.5151,35.5493,16.7147,9.84767,1.19033,2.87767,0.709333,2.16833,0.354,0.601667,1.54133,1.23867,5.37067,2.983,2.05367,0.711333,2.49567,1.74767,SF,False,0.00233333,0.0,,fd,7.57475,11.4,16.1,21.5,24.7,30.2,36.202,1699794367000,20231112,300e0f66-2bd7-4f3f-9756-85396a5cab6f,54.550296726712425,GS -vs- MIN
Rudy Gobert,C,MIN,GS,33.1793,67.248,36.0274,15.0313,1.45767,11.968,2.52967,9.43833,1.31767,0.709,2.46633,1.632,8.527,5.722,0.0343333,0.017,5.69933,3.53633,C,False,0.635667,0.0,,fd,9.69917,29.375,35.8,42.2,45.8,52.9,60.303,1699794367000,20231112,300e0f66-2bd7-4f3f-9756-85396a5cab6f,67.13323496002663,MIN -vs- GS
Kyle Anderson,SF/PF,MIN,GS,22.0633,44.8343,21.2145,6.26367,3.98867,3.834,0.852333,2.98167,0.601333,1.241,1.77667,1.16,3.865,2.026,1.16867,0.400333,1.42,1.01067,SF/PF,False,0.00433333,0.0,,fd,8.05683,15.4,20.7,26.4,29.8,35.105,42.401,1699794367000,20231112,300e0f66-2bd7-4f3f-9756-85396a5cab6f,52.17861917845229,MIN -vs- GS
Naz Reid,C/PF,MIN,GS,20.5757,41.8523,21.9627,11.5787,1.28833,4.65433,1.041,3.61333,0.592333,0.809333,1.693,1.33867,5.12133,3.16367,3.258,1.169,2.36267,1.74433,C/PF,False,0.0213333,0.0,Q,fd,8.43255,15.8,21.3,27.6,31.015,36.8,42.701,1699794367000,20231112,300e0f66-2bd7-4f3f-9756-85396a5cab6f,58.68213807070495,MIN -vs- GS
Nickeil Alexander-Walker,SG/SF,MIN,GS,17.9511,36.2737,12.7217,5.67,1.76833,1.79767,0.399667,1.398,0.364,0.623333,1.428,0.72,2.35333,1.07367,2.73933,0.928,1.042,0.738667,SG/SF,False,0.0,0.0,,fd,6.51689,7.975,12.0,16.5,19.4,24.6,31.102,1699794367000,20231112,300e0f66-2bd7-4f3f-9756-85396a5cab6f,48.41615187348065,MIN -vs- GS
Gary Payton,SG,GS,MIN,17.8952,36.418,16.8622,7.58167,1.306,2.911,0.703,2.208,0.287,1.242,1.594,0.758667,3.33467,2.05133,1.836,0.927,0.985,0.698,SG,False,0.000333333,0.0,,fd,7.61514,11.4,16.2,21.5,24.6,30.4,37.901,1699794367000,20231112,300e0f66-2bd7-4f3f-9756-85396a5cab6f,66.56448777431166,GS -vs- MIN
Mike Conley,PG,MIN,GS,31.7063,63.822,24.2578,10.9533,4.78633,2.64833,0.574,2.07433,0.194667,1.215,2.415,1.282,3.994,1.919,4.962,1.81567,2.02467,1.66833,PG,False,0.0163333,0.0,,fd,8.13051,18.6,23.7,29.8,32.715,38.2,44.001,1699794367000,20231112,300e0f66-2bd7-4f3f-9756-85396a5cab6f,51.836813309513175,MIN -vs- GS
Klay Thompson,SG,GS,MIN,32.5345,65.9937,27.3465,17.727,1.96667,4.01767,1.021,2.99667,0.462,0.699667,2.973,1.63667,6.251,2.999,9.06833,3.32833,2.05,1.744,SG,False,0.011,0.0,,fd,8.83858,21.1,26.7,33.0,36.8,42.7,50.301,1699794367000,20231112,300e0f66-2bd7-4f3f-9756-85396a5cab6f,52.16608689805624,GS -vs- MIN
Moses Moody,SG,GS,MIN,15.9358,32.3763,13.328,6.60033,1.27167,2.381,0.568,1.813,0.278333,0.554,1.47467,0.534,2.286,1.19867,2.369,1.08033,1.25933,0.962,SG,False,0.0,0.0,,fd,6.58735,8.4,12.7,17.6,20.215,25.0,29.9,1699794367000,20231112,300e0f66-2bd7-4f3f-9756-85396a5cab6f,60.56208378088077,GS -vs- MIN
Dario Saric,PF/C,GS,MIN,16.9078,34.284,17.0858,8.26667,1.50767,4.553,1.07733,3.47567,0.265,0.426,1.60067,0.979,3.162,1.68633,2.50833,1.173,1.69033,1.375,PF/C,False,0.019,0.0,,fd,7.67138,11.4,16.6,21.9,25.1,30.8,36.9,1699794367000,20231112,300e0f66-2bd7-4f3f-9756-85396a5cab6f,60.76947902503029,GS -vs- MIN
Draymond Green,PF/C,GS,MIN,31.038,63.2567,30.6368,9.69067,6.94867,6.41067,1.587,4.82367,0.790667,1.10433,2.741,2.85467,5.29533,2.917,1.971,0.742667,2.263,1.62867,PF/C,False,0.157,0.0156667,,fd,9.11731,24.2,30.2,36.5,39.715,46.8,53.702,1699794367000,20231112,300e0f66-2bd7-4f3f-9756-85396a5cab6f,55.475054119479836,GS -vs- MIN
Karl-Anthony Towns,PF/C,MIN,GS,34.2517,69.299,39.742,21.6213,3.993,8.66233,1.82067,6.84167,0.559,0.969,2.69933,2.84767,9.819,5.539,5.04567,1.87667,5.81967,4.91333,PF/C,False,0.363667,0.00433333,,fd,10.598,32.575,39.1,46.8,50.8,58.005,65.805,1699794367000,20231112,300e0f66-2bd7-4f3f-9756-85396a5cab6f,56.20040673624103,MIN -vs- GS
Andrew Wiggins,SF/PF,GS,MIN,29.0967,59.2223,20.9802,12.299,1.256,3.286,0.833333,2.45267,0.595,0.776333,2.60167,1.26,7.446,3.82367,4.124,0.907,3.05767,1.93067,SF/PF,False,0.002,0.0,,fd,7.60229,15.7,20.4,25.725,29.0,34.2,41.201,1699794367000,20231112,300e0f66-2bd7-4f3f-9756-85396a5cab6f,44.807000864304236,GS -vs- MIN
Stephen Curry,PG,GS,MIN,32.36,65.8893,40.5788,25.532,4.995,5.30333,1.30233,4.001,0.393,1.026,2.97167,3.06667,7.77233,4.31167,11.0653,4.28267,4.45867,4.06067,PG,False,0.0836667,0.00233333,,fd,11.2904,32.6,40.3,48.3,52.2,59.405,68.401,1699794367000,20231112,300e0f66-2bd7-4f3f-9756-85396a5cab6f,56.99058214860362,GS -vs- MIN
Chris Paul,PG,GS,MIN,22.1236,44.798,25.6172,8.82267,6.42933,3.50767,0.837,2.67067,0.28,1.103,1.97167,1.20767,4.93367,2.53267,2.58867,0.999667,0.891667,0.758333,PG,False,0.0663333,0.001,,fd,8.84563,19.4,24.9,31.0,34.615,41.6,48.804,1699794367000,20231112,300e0f66-2bd7-4f3f-9756-85396a5cab6f,53.60260902857357,GS -vs- MIN
Jaden McDaniels,SF/PF,MIN,GS,30.9899,62.562,20.5098,10.446,1.29467,3.43733,0.743,2.69433,0.651667,1.09333,2.422,1.238,4.712,2.63833,3.26433,1.24367,1.932,1.43833,SF/PF,False,0.000666667,0.0,,fd,7.5854,15.1,19.9,25.3,28.5,33.805,39.8,1699794367000,20231112,300e0f66-2bd7-4f3f-9756-85396a5cab6f,56.465003328598485,MIN -vs- GS
Kevon Looney,C,GS,MIN,25.7091,52.4823,23.7376,6.135,3.014,8.66633,2.148,6.51833,0.500667,0.651333,2.301,0.774,4.17267,2.502,0.09,0.0336667,1.585,1.03,C,False,0.0786667,0.000333333,,fd,7.53749,18.3,23.2,28.5,31.515,36.9,44.301,1699794367000,20231112,300e0f66-2bd7-4f3f-9756-85396a5cab6f,59.88031093188072,GS -vs- MIN
Anthony Edwards,SG/SF,MIN,GS,35.3564,71.3447,41.1227,24.4787,4.90133,4.93867,1.08067,3.858,0.631667,1.47867,2.761,2.96533,12.261,6.297,7.446,2.38733,6.08833,4.72267,SG/SF,False,0.0533333,0.00133333,Q,fd,10.7625,33.8,40.7,48.0,52.8,59.305,66.603,1699794367000,20231112,300e0f66-2bd7-4f3f-9756-85396a5cab6f,50.1242959354544,MIN -vs- GS
Shake Milton,PG,MIN,GS,15.0421,30.5173,9.07677,4.79233,1.527,1.12967,0.245667,0.884,0.116333,0.362,1.26067,0.796667,2.739,1.27633,1.37667,0.424333,1.16633,0.966667,PG,False,0.0,0.0,,fd,5.30626,5.2,8.5,12.4,14.5,18.5,23.503,1699794367000,20231112,300e0f66-2bd7-4f3f-9756-85396a5cab6f,46.476746191993044,MIN -vs- GS
