player_names,position,team,opp,minutes,possessions,fd_points,points,assists,rebounds,offensive_rebounds,defensive_rebounds,blocks,steals,fouls,turnovers,two_pt_attempts,two_pt_fg,three_pt_attempts,three_pt_fg,free_throw_attempts,free_throws_made,roster_pos,confirmed,double_doubles,triple_doubles,injury,site,fd_std,fd_25_percentile,fd_50_percentile,fd_75_percentile,fd_85_percentile,fd_95_percentile,fd_99_percentile,timestamp,date,slate_id,gid,matchup,effective_fg_percentage,sports_book,bet_type,over/under,odds,stat_threshold
Terance Mann,SG/SF,LAC,NO,25.4226,52.472,15.3929,6.60167,2.02567,3.34867,0.739333,2.60933,0.262667,0.588,2.23733,0.817667,3.0,1.69767,1.97033,0.734667,1.30333,1.00233,SG/SF,True,0.0,0.0,,fd,5.78036,11.4,15.1,19.0,21.4,25.4,29.901,1700882251000,20231124,21a7eff3-7ca4-448b-9d73-f088e5476695,bf8b90ea-30f0-4ad0-a308-c5ba3e78b8ba,LAC vs NO,56.32765832449758,fanduel,player_points,Over,1.89,6.5
Terance Mann,SG/SF,LAC,NO,25.4226,52.472,15.3929,6.60167,2.02567,3.34867,0.739333,2.60933,0.262667,0.588,2.23733,0.817667,3.0,1.69767,1.97033,0.734667,1.30333,1.00233,SG/SF,True,0.0,0.0,,fd,5.78036,11.4,15.1,19.0,21.4,25.4,29.901,1700882251000,20231124,21a7eff3-7ca4-448b-9d73-f088e5476695,bf8b90ea-30f0-4ad0-a308-c5ba3e78b8ba,LAC vs NO,56.32765832449758,fanduel,player_points,Under,1.93,6.5
Naji Marshall,SF,NO,LAC,22.7287,46.439,18.8593,8.70133,2.40267,3.948,1.007,2.941,0.290667,0.740333,2.08533,1.27667,4.454,2.20367,2.71533,0.729,2.684,2.107,SF,False,0.00333333,0.0,,fd,6.50528,14.3,18.5,22.8,25.6,30.405,35.3,1700882251000,20231124,21a7eff3-7ca4-448b-9d73-f088e5476695,bf8b90ea-30f0-4ad0-a308-c5ba3e78b8ba,NO vs LAC,45.989932113600574,fanduel,player_points,Over,1.76,7.5
Naji Marshall,SF,NO,LAC,22.7287,46.439,18.8593,8.70133,2.40267,3.948,1.007,2.941,0.290667,0.740333,2.08533,1.27667,4.454,2.20367,2.71533,0.729,2.684,2.107,SF,False,0.00333333,0.0,,fd,6.50528,14.3,18.5,22.8,25.6,30.405,35.3,1700882251000,20231124,21a7eff3-7ca4-448b-9d73-f088e5476695,bf8b90ea-30f0-4ad0-a308-c5ba3e78b8ba,NO vs LAC,45.989932113600574,fanduel,player_points,Under,2.08,7.5
Naji Marshall,SF,NO,LAC,22.7287,46.439,18.8593,8.70133,2.40267,3.948,1.007,2.941,0.290667,0.740333,2.08533,1.27667,4.454,2.20367,2.71533,0.729,2.684,2.107,SF,False,0.00333333,0.0,,fd,6.50528,14.3,18.5,22.8,25.6,30.405,35.3,1700882251000,20231124,21a7eff3-7ca4-448b-9d73-f088e5476695,bf8b90ea-30f0-4ad0-a308-c5ba3e78b8ba,NO vs LAC,45.989932113600574,fanduel,player_points_rebounds,Over,1.87,11.5
Naji Marshall,SF,NO,LAC,22.7287,46.439,18.8593,8.70133,2.40267,3.948,1.007,2.941,0.290667,0.740333,2.08533,1.27667,4.454,2.20367,2.71533,0.729,2.684,2.107,SF,False,0.00333333,0.0,,fd,6.50528,14.3,18.5,22.8,25.6,30.405,35.3,1700882251000,20231124,21a7eff3-7ca4-448b-9d73-f088e5476695,bf8b90ea-30f0-4ad0-a308-c5ba3e78b8ba,NO vs LAC,45.989932113600574,fanduel,player_points_rebounds,Under,1.9,11.5
Naji Marshall,SF,NO,LAC,22.7287,46.439,18.8593,8.70133,2.40267,3.948,1.007,2.941,0.290667,0.740333,2.08533,1.27667,4.454,2.20367,2.71533,0.729,2.684,2.107,SF,False,0.00333333,0.0,,fd,6.50528,14.3,18.5,22.8,25.6,30.405,35.3,1700882251000,20231124,21a7eff3-7ca4-448b-9d73-f088e5476695,bf8b90ea-30f0-4ad0-a308-c5ba3e78b8ba,NO vs LAC,45.989932113600574,fanduel,player_rebounds,Over,2.0,3.5
Naji Marshall,SF,NO,LAC,22.7287,46.439,18.8593,8.70133,2.40267,3.948,1.007,2.941,0.290667,0.740333,2.08533,1.27667,4.454,2.20367,2.71533,0.729,2.684,2.107,SF,False,0.00333333,0.0,,fd,6.50528,14.3,18.5,22.8,25.6,30.405,35.3,1700882251000,20231124,21a7eff3-7ca4-448b-9d73-f088e5476695,bf8b90ea-30f0-4ad0-a308-c5ba3e78b8ba,NO vs LAC,45.989932113600574,fanduel,player_rebounds,Under,1.82,3.5
Naji Marshall,SF,NO,LAC,22.7287,46.439,18.8593,8.70133,2.40267,3.948,1.007,2.941,0.290667,0.740333,2.08533,1.27667,4.454,2.20367,2.71533,0.729,2.684,2.107,SF,False,0.00333333,0.0,,fd,6.50528,14.3,18.5,22.8,25.6,30.405,35.3,1700882251000,20231124,21a7eff3-7ca4-448b-9d73-f088e5476695,bf8b90ea-30f0-4ad0-a308-c5ba3e78b8ba,NO vs LAC,45.989932113600574,fanduel,player_threes,Over,1.45,0.5
Naji Marshall,SF,NO,LAC,22.7287,46.439,18.8593,8.70133,2.40267,3.948,1.007,2.941,0.290667,0.740333,2.08533,1.27667,4.454,2.20367,2.71533,0.729,2.684,2.107,SF,False,0.00333333,0.0,,fd,6.50528,14.3,18.5,22.8,25.6,30.405,35.3,1700882251000,20231124,21a7eff3-7ca4-448b-9d73-f088e5476695,bf8b90ea-30f0-4ad0-a308-c5ba3e78b8ba,NO vs LAC,45.989932113600574,fanduel,player_threes,Under,2.68,0.5
Zion Williamson,PF,NO,LAC,32.4225,66.723,37.3729,22.3727,3.89533,6.03267,1.40133,4.63133,0.382,1.231,2.873,2.921,14.4467,8.33033,0.193,0.0993333,8.18067,5.414,PF,True,0.087,0.000333333,,fd,9.28809,30.875,37.1,43.6,46.9,53.2,59.9,1700882251000,20231124,21a7eff3-7ca4-448b-9d73-f088e5476695,bf8b90ea-30f0-4ad0-a308-c5ba3e78b8ba,NO vs LAC,57.92010731094217,fanduel,player_assists,Over,2.06,4.5
Zion Williamson,PF,NO,LAC,32.4225,66.723,37.3729,22.3727,3.89533,6.03267,1.40133,4.63133,0.382,1.231,2.873,2.921,14.4467,8.33033,0.193,0.0993333,8.18067,5.414,PF,True,0.087,0.000333333,,fd,9.28809,30.875,37.1,43.6,46.9,53.2,59.9,1700882251000,20231124,21a7eff3-7ca4-448b-9d73-f088e5476695,bf8b90ea-30f0-4ad0-a308-c5ba3e78b8ba,NO vs LAC,57.92010731094217,fanduel,player_assists,Under,1.77,4.5
Zion Williamson,PF,NO,LAC,32.4225,66.723,37.3729,22.3727,3.89533,6.03267,1.40133,4.63133,0.382,1.231,2.873,2.921,14.4467,8.33033,0.193,0.0993333,8.18067,5.414,PF,True,0.087,0.000333333,,fd,9.28809,30.875,37.1,43.6,46.9,53.2,59.9,1700882251000,20231124,21a7eff3-7ca4-448b-9d73-f088e5476695,bf8b90ea-30f0-4ad0-a308-c5ba3e78b8ba,NO vs LAC,57.92010731094217,fanduel,player_points,Over,1.85,23.5
Zion Williamson,PF,NO,LAC,32.4225,66.723,37.3729,22.3727,3.89533,6.03267,1.40133,4.63133,0.382,1.231,2.873,2.921,14.4467,8.33033,0.193,0.0993333,8.18067,5.414,PF,True,0.087,0.000333333,,fd,9.28809,30.875,37.1,43.6,46.9,53.2,59.9,1700882251000,20231124,21a7eff3-7ca4-448b-9d73-f088e5476695,bf8b90ea-30f0-4ad0-a308-c5ba3e78b8ba,NO vs LAC,57.92010731094217,fanduel,player_points,Under,1.96,23.5
Zion Williamson,PF,NO,LAC,32.4225,66.723,37.3729,22.3727,3.89533,6.03267,1.40133,4.63133,0.382,1.231,2.873,2.921,14.4467,8.33033,0.193,0.0993333,8.18067,5.414,PF,True,0.087,0.000333333,,fd,9.28809,30.875,37.1,43.6,46.9,53.2,59.9,1700882251000,20231124,21a7eff3-7ca4-448b-9d73-f088e5476695,bf8b90ea-30f0-4ad0-a308-c5ba3e78b8ba,NO vs LAC,57.92010731094217,fanduel,player_points_assists,Over,1.93,28.5
Zion Williamson,PF,NO,LAC,32.4225,66.723,37.3729,22.3727,3.89533,6.03267,1.40133,4.63133,0.382,1.231,2.873,2.921,14.4467,8.33033,0.193,0.0993333,8.18067,5.414,PF,True,0.087,0.000333333,,fd,9.28809,30.875,37.1,43.6,46.9,53.2,59.9,1700882251000,20231124,21a7eff3-7ca4-448b-9d73-f088e5476695,bf8b90ea-30f0-4ad0-a308-c5ba3e78b8ba,NO vs LAC,57.92010731094217,fanduel,player_points_assists,Under,1.85,28.5
Zion Williamson,PF,NO,LAC,32.4225,66.723,37.3729,22.3727,3.89533,6.03267,1.40133,4.63133,0.382,1.231,2.873,2.921,14.4467,8.33033,0.193,0.0993333,8.18067,5.414,PF,True,0.087,0.000333333,,fd,9.28809,30.875,37.1,43.6,46.9,53.2,59.9,1700882251000,20231124,21a7eff3-7ca4-448b-9d73-f088e5476695,bf8b90ea-30f0-4ad0-a308-c5ba3e78b8ba,NO vs LAC,57.92010731094217,fanduel,player_points_rebounds,Over,1.82,29.5
Zion Williamson,PF,NO,LAC,32.4225,66.723,37.3729,22.3727,3.89533,6.03267,1.40133,4.63133,0.382,1.231,2.873,2.921,14.4467,8.33033,0.193,0.0993333,8.18067,5.414,PF,True,0.087,0.000333333,,fd,9.28809,30.875,37.1,43.6,46.9,53.2,59.9,1700882251000,20231124,21a7eff3-7ca4-448b-9d73-f088e5476695,bf8b90ea-30f0-4ad0-a308-c5ba3e78b8ba,NO vs LAC,57.92010731094217,fanduel,player_points_rebounds,Under,1.96,29.5
Zion Williamson,PF,NO,LAC,32.4225,66.723,37.3729,22.3727,3.89533,6.03267,1.40133,4.63133,0.382,1.231,2.873,2.921,14.4467,8.33033,0.193,0.0993333,8.18067,5.414,PF,True,0.087,0.000333333,,fd,9.28809,30.875,37.1,43.6,46.9,53.2,59.9,1700882251000,20231124,21a7eff3-7ca4-448b-9d73-f088e5476695,bf8b90ea-30f0-4ad0-a308-c5ba3e78b8ba,NO vs LAC,57.92010731094217,fanduel,player_points_rebounds_assists,Over,1.9,34.5
Zion Williamson,PF,NO,LAC,32.4225,66.723,37.3729,22.3727,3.89533,6.03267,1.40133,4.63133,0.382,1.231,2.873,2.921,14.4467,8.33033,0.193,0.0993333,8.18067,5.414,PF,True,0.087,0.000333333,,fd,9.28809,30.875,37.1,43.6,46.9,53.2,59.9,1700882251000,20231124,21a7eff3-7ca4-448b-9d73-f088e5476695,bf8b90ea-30f0-4ad0-a308-c5ba3e78b8ba,NO vs LAC,57.92010731094217,fanduel,player_points_rebounds_assists,Under,1.87,34.5
Zion Williamson,PF,NO,LAC,32.4225,66.723,37.3729,22.3727,3.89533,6.03267,1.40133,4.63133,0.382,1.231,2.873,2.921,14.4467,8.33033,0.193,0.0993333,8.18067,5.414,PF,True,0.087,0.000333333,,fd,9.28809,30.875,37.1,43.6,46.9,53.2,59.9,1700882251000,20231124,21a7eff3-7ca4-448b-9d73-f088e5476695,bf8b90ea-30f0-4ad0-a308-c5ba3e78b8ba,NO vs LAC,57.92010731094217,fanduel,player_rebounds,Over,1.77,5.5
Zion Williamson,PF,NO,LAC,32.4225,66.723,37.3729,22.3727,3.89533,6.03267,1.40133,4.63133,0.382,1.231,2.873,2.921,14.4467,8.33033,0.193,0.0993333,8.18067,5.414,PF,True,0.087,0.000333333,,fd,9.28809,30.875,37.1,43.6,46.9,53.2,59.9,1700882251000,20231124,21a7eff3-7ca4-448b-9d73-f088e5476695,bf8b90ea-30f0-4ad0-a308-c5ba3e78b8ba,NO vs LAC,57.92010731094217,fanduel,player_rebounds,Under,2.06,5.5
Zion Williamson,PF,NO,LAC,32.4225,66.723,37.3729,22.3727,3.89533,6.03267,1.40133,4.63133,0.382,1.231,2.873,2.921,14.4467,8.33033,0.193,0.0993333,8.18067,5.414,PF,True,0.087,0.000333333,,fd,9.28809,30.875,37.1,43.6,46.9,53.2,59.9,1700882251000,20231124,21a7eff3-7ca4-448b-9d73-f088e5476695,bf8b90ea-30f0-4ad0-a308-c5ba3e78b8ba,NO vs LAC,57.92010731094217,fanduel,player_rebounds_assists,Over,1.98,10.5
Zion Williamson,PF,NO,LAC,32.4225,66.723,37.3729,22.3727,3.89533,6.03267,1.40133,4.63133,0.382,1.231,2.873,2.921,14.4467,8.33033,0.193,0.0993333,8.18067,5.414,PF,True,0.087,0.000333333,,fd,9.28809,30.875,37.1,43.6,46.9,53.2,59.9,1700882251000,20231124,21a7eff3-7ca4-448b-9d73-f088e5476695,bf8b90ea-30f0-4ad0-a308-c5ba3e78b8ba,NO vs LAC,57.92010731094217,fanduel,player_rebounds_assists,Under,1.8,10.5
Norman Powell,SF/SG,LAC,NO,26.2427,53.7247,21.2513,13.0543,1.7,2.53667,0.51,2.02667,0.462667,0.789667,2.41233,1.154,4.79533,2.75167,3.87733,1.59833,3.374,2.756,SF/SG,False,0.000666667,0.0,GTD,fd,7.24408,16.1,20.9,25.9,29.015,34.0,39.403,1700882251000,20231124,21a7eff3-7ca4-448b-9d73-f088e5476695,bf8b90ea-30f0-4ad0-a308-c5ba3e78b8ba,LAC vs NO,59.37238402058883,fanduel,player_points,Over,2.02,11.5
Norman Powell,SF/SG,LAC,NO,26.2427,53.7247,21.2513,13.0543,1.7,2.53667,0.51,2.02667,0.462667,0.789667,2.41233,1.154,4.79533,2.75167,3.87733,1.59833,3.374,2.756,SF/SG,False,0.000666667,0.0,GTD,fd,7.24408,16.1,20.9,25.9,29.015,34.0,39.403,1700882251000,20231124,21a7eff3-7ca4-448b-9d73-f088e5476695,bf8b90ea-30f0-4ad0-a308-c5ba3e78b8ba,LAC vs NO,59.37238402058883,fanduel,player_points,Under,1.81,11.5
Norman Powell,SF/SG,LAC,NO,26.2427,53.7247,21.2513,13.0543,1.7,2.53667,0.51,2.02667,0.462667,0.789667,2.41233,1.154,4.79533,2.75167,3.87733,1.59833,3.374,2.756,SF/SG,False,0.000666667,0.0,GTD,fd,7.24408,16.1,20.9,25.9,29.015,34.0,39.403,1700882251000,20231124,21a7eff3-7ca4-448b-9d73-f088e5476695,bf8b90ea-30f0-4ad0-a308-c5ba3e78b8ba,LAC vs NO,59.37238402058883,fanduel,player_threes,Over,1.62,1.5
Norman Powell,SF/SG,LAC,NO,26.2427,53.7247,21.2513,13.0543,1.7,2.53667,0.51,2.02667,0.462667,0.789667,2.41233,1.154,4.79533,2.75167,3.87733,1.59833,3.374,2.756,SF/SG,False,0.000666667,0.0,GTD,fd,7.24408,16.1,20.9,25.9,29.015,34.0,39.403,1700882251000,20231124,21a7eff3-7ca4-448b-9d73-f088e5476695,bf8b90ea-30f0-4ad0-a308-c5ba3e78b8ba,LAC vs NO,59.37238402058883,fanduel,player_threes,Under,2.24,1.5
Jonas Valanciunas,C,NO,LAC,28.1182,57.633,31.3469,13.5377,2.23933,9.92433,2.334,7.59033,0.828667,0.501667,2.391,1.45,8.92633,4.67867,1.16233,0.586,3.00267,2.42233,C,True,0.424,0.0,,fd,7.94513,25.9,31.0,36.4,39.515,45.0,51.2,1700882251000,20231124,21a7eff3-7ca4-448b-9d73-f088e5476695,bf8b90ea-30f0-4ad0-a308-c5ba3e78b8ba,NO vs LAC,55.08828724528332,fanduel,player_blocks,Over,2.8,1.5
Jonas Valanciunas,C,NO,LAC,28.1182,57.633,31.3469,13.5377,2.23933,9.92433,2.334,7.59033,0.828667,0.501667,2.391,1.45,8.92633,4.67867,1.16233,0.586,3.00267,2.42233,C,True,0.424,0.0,,fd,7.94513,25.9,31.0,36.4,39.515,45.0,51.2,1700882251000,20231124,21a7eff3-7ca4-448b-9d73-f088e5476695,bf8b90ea-30f0-4ad0-a308-c5ba3e78b8ba,NO vs LAC,55.08828724528332,fanduel,player_blocks,Under,1.43,1.5
Jonas Valanciunas,C,NO,LAC,28.1182,57.633,31.3469,13.5377,2.23933,9.92433,2.334,7.59033,0.828667,0.501667,2.391,1.45,8.92633,4.67867,1.16233,0.586,3.00267,2.42233,C,True,0.424,0.0,,fd,7.94513,25.9,31.0,36.4,39.515,45.0,51.2,1700882251000,20231124,21a7eff3-7ca4-448b-9d73-f088e5476695,bf8b90ea-30f0-4ad0-a308-c5ba3e78b8ba,NO vs LAC,55.08828724528332,fanduel,player_points,Over,1.87,12.5
Jonas Valanciunas,C,NO,LAC,28.1182,57.633,31.3469,13.5377,2.23933,9.92433,2.334,7.59033,0.828667,0.501667,2.391,1.45,8.92633,4.67867,1.16233,0.586,3.00267,2.42233,C,True,0.424,0.0,,fd,7.94513,25.9,31.0,36.4,39.515,45.0,51.2,1700882251000,20231124,21a7eff3-7ca4-448b-9d73-f088e5476695,bf8b90ea-30f0-4ad0-a308-c5ba3e78b8ba,NO vs LAC,55.08828724528332,fanduel,player_points,Under,1.95,12.5
Jonas Valanciunas,C,NO,LAC,28.1182,57.633,31.3469,13.5377,2.23933,9.92433,2.334,7.59033,0.828667,0.501667,2.391,1.45,8.92633,4.67867,1.16233,0.586,3.00267,2.42233,C,True,0.424,0.0,,fd,7.94513,25.9,31.0,36.4,39.515,45.0,51.2,1700882251000,20231124,21a7eff3-7ca4-448b-9d73-f088e5476695,bf8b90ea-30f0-4ad0-a308-c5ba3e78b8ba,NO vs LAC,55.08828724528332,fanduel,player_points_rebounds,Over,1.83,21.5
Jonas Valanciunas,C,NO,LAC,28.1182,57.633,31.3469,13.5377,2.23933,9.92433,2.334,7.59033,0.828667,0.501667,2.391,1.45,8.92633,4.67867,1.16233,0.586,3.00267,2.42233,C,True,0.424,0.0,,fd,7.94513,25.9,31.0,36.4,39.515,45.0,51.2,1700882251000,20231124,21a7eff3-7ca4-448b-9d73-f088e5476695,bf8b90ea-30f0-4ad0-a308-c5ba3e78b8ba,NO vs LAC,55.08828724528332,fanduel,player_points_rebounds,Under,1.94,21.5
Jonas Valanciunas,C,NO,LAC,28.1182,57.633,31.3469,13.5377,2.23933,9.92433,2.334,7.59033,0.828667,0.501667,2.391,1.45,8.92633,4.67867,1.16233,0.586,3.00267,2.42233,C,True,0.424,0.0,,fd,7.94513,25.9,31.0,36.4,39.515,45.0,51.2,1700882251000,20231124,21a7eff3-7ca4-448b-9d73-f088e5476695,bf8b90ea-30f0-4ad0-a308-c5ba3e78b8ba,NO vs LAC,55.08828724528332,fanduel,player_rebounds,Over,1.77,8.5
Jonas Valanciunas,C,NO,LAC,28.1182,57.633,31.3469,13.5377,2.23933,9.92433,2.334,7.59033,0.828667,0.501667,2.391,1.45,8.92633,4.67867,1.16233,0.586,3.00267,2.42233,C,True,0.424,0.0,,fd,7.94513,25.9,31.0,36.4,39.515,45.0,51.2,1700882251000,20231124,21a7eff3-7ca4-448b-9d73-f088e5476695,bf8b90ea-30f0-4ad0-a308-c5ba3e78b8ba,NO vs LAC,55.08828724528332,fanduel,player_rebounds,Under,2.06,8.5
Jose Alvarado,PG,NO,LAC,18.3178,37.4113,15.7332,7.30167,2.47933,1.696,0.424667,1.27133,0.114,1.12267,1.64,1.03267,3.41467,1.703,2.88833,0.951,1.346,1.04267,PG,False,0.000333333,0.0,,fd,6.48602,11.1,15.2,19.9,22.5,27.0,33.101,1700882251000,20231124,21a7eff3-7ca4-448b-9d73-f088e5476695,bf8b90ea-30f0-4ad0-a308-c5ba3e78b8ba,NO vs LAC,49.65095986038394,fanduel,player_assists,Over,2.32,2.5
Jose Alvarado,PG,NO,LAC,18.3178,37.4113,15.7332,7.30167,2.47933,1.696,0.424667,1.27133,0.114,1.12267,1.64,1.03267,3.41467,1.703,2.88833,0.951,1.346,1.04267,PG,False,0.000333333,0.0,,fd,6.48602,11.1,15.2,19.9,22.5,27.0,33.101,1700882251000,20231124,21a7eff3-7ca4-448b-9d73-f088e5476695,bf8b90ea-30f0-4ad0-a308-c5ba3e78b8ba,NO vs LAC,49.65095986038394,fanduel,player_assists,Under,1.62,2.5
Jose Alvarado,PG,NO,LAC,18.3178,37.4113,15.7332,7.30167,2.47933,1.696,0.424667,1.27133,0.114,1.12267,1.64,1.03267,3.41467,1.703,2.88833,0.951,1.346,1.04267,PG,False,0.000333333,0.0,,fd,6.48602,11.1,15.2,19.9,22.5,27.0,33.101,1700882251000,20231124,21a7eff3-7ca4-448b-9d73-f088e5476695,bf8b90ea-30f0-4ad0-a308-c5ba3e78b8ba,NO vs LAC,49.65095986038394,fanduel,player_points,Over,2.02,6.5
Jose Alvarado,PG,NO,LAC,18.3178,37.4113,15.7332,7.30167,2.47933,1.696,0.424667,1.27133,0.114,1.12267,1.64,1.03267,3.41467,1.703,2.88833,0.951,1.346,1.04267,PG,False,0.000333333,0.0,,fd,6.48602,11.1,15.2,19.9,22.5,27.0,33.101,1700882251000,20231124,21a7eff3-7ca4-448b-9d73-f088e5476695,bf8b90ea-30f0-4ad0-a308-c5ba3e78b8ba,NO vs LAC,49.65095986038394,fanduel,player_points,Under,1.81,6.5
Jose Alvarado,PG,NO,LAC,18.3178,37.4113,15.7332,7.30167,2.47933,1.696,0.424667,1.27133,0.114,1.12267,1.64,1.03267,3.41467,1.703,2.88833,0.951,1.346,1.04267,PG,False,0.000333333,0.0,,fd,6.48602,11.1,15.2,19.9,22.5,27.0,33.101,1700882251000,20231124,21a7eff3-7ca4-448b-9d73-f088e5476695,bf8b90ea-30f0-4ad0-a308-c5ba3e78b8ba,NO vs LAC,49.65095986038394,fanduel,player_points_assists,Over,1.83,8.5
Jose Alvarado,PG,NO,LAC,18.3178,37.4113,15.7332,7.30167,2.47933,1.696,0.424667,1.27133,0.114,1.12267,1.64,1.03267,3.41467,1.703,2.88833,0.951,1.346,1.04267,PG,False,0.000333333,0.0,,fd,6.48602,11.1,15.2,19.9,22.5,27.0,33.101,1700882251000,20231124,21a7eff3-7ca4-448b-9d73-f088e5476695,bf8b90ea-30f0-4ad0-a308-c5ba3e78b8ba,NO vs LAC,49.65095986038394,fanduel,player_points_assists,Under,1.94,8.5
Brandon Ingram,SF,NO,LAC,34.8902,71.5783,40.4737,25.7747,5.19567,5.16933,1.27067,3.89867,0.392,0.841333,3.128,2.99767,16.235,8.087,4.03133,1.38733,6.34567,5.43867,SF,True,0.0753333,0.000666667,,fd,9.72743,34.1,40.4,46.7,50.3,56.8,64.6,1700882251000,20231124,21a7eff3-7ca4-448b-9d73-f088e5476695,bf8b90ea-30f0-4ad0-a308-c5ba3e78b8ba,NO vs LAC,50.17186140756614,fanduel,player_assists,Over,1.71,4.5
Brandon Ingram,SF,NO,LAC,34.8902,71.5783,40.4737,25.7747,5.19567,5.16933,1.27067,3.89867,0.392,0.841333,3.128,2.99767,16.235,8.087,4.03133,1.38733,6.34567,5.43867,SF,True,0.0753333,0.000666667,,fd,9.72743,34.1,40.4,46.7,50.3,56.8,64.6,1700882251000,20231124,21a7eff3-7ca4-448b-9d73-f088e5476695,bf8b90ea-30f0-4ad0-a308-c5ba3e78b8ba,NO vs LAC,50.17186140756614,fanduel,player_assists,Under,2.14,4.5
Brandon Ingram,SF,NO,LAC,34.8902,71.5783,40.4737,25.7747,5.19567,5.16933,1.27067,3.89867,0.392,0.841333,3.128,2.99767,16.235,8.087,4.03133,1.38733,6.34567,5.43867,SF,True,0.0753333,0.000666667,,fd,9.72743,34.1,40.4,46.7,50.3,56.8,64.6,1700882251000,20231124,21a7eff3-7ca4-448b-9d73-f088e5476695,bf8b90ea-30f0-4ad0-a308-c5ba3e78b8ba,NO vs LAC,50.17186140756614,fanduel,player_points,Over,1.93,24.5
Brandon Ingram,SF,NO,LAC,34.8902,71.5783,40.4737,25.7747,5.19567,5.16933,1.27067,3.89867,0.392,0.841333,3.128,2.99767,16.235,8.087,4.03133,1.38733,6.34567,5.43867,SF,True,0.0753333,0.000666667,,fd,9.72743,34.1,40.4,46.7,50.3,56.8,64.6,1700882251000,20231124,21a7eff3-7ca4-448b-9d73-f088e5476695,bf8b90ea-30f0-4ad0-a308-c5ba3e78b8ba,NO vs LAC,50.17186140756614,fanduel,player_points,Under,1.89,24.5
Brandon Ingram,SF,NO,LAC,34.8902,71.5783,40.4737,25.7747,5.19567,5.16933,1.27067,3.89867,0.392,0.841333,3.128,2.99767,16.235,8.087,4.03133,1.38733,6.34567,5.43867,SF,True,0.0753333,0.000666667,,fd,9.72743,34.1,40.4,46.7,50.3,56.8,64.6,1700882251000,20231124,21a7eff3-7ca4-448b-9d73-f088e5476695,bf8b90ea-30f0-4ad0-a308-c5ba3e78b8ba,NO vs LAC,50.17186140756614,fanduel,player_points_assists,Over,1.9,29.5
Brandon Ingram,SF,NO,LAC,34.8902,71.5783,40.4737,25.7747,5.19567,5.16933,1.27067,3.89867,0.392,0.841333,3.128,2.99767,16.235,8.087,4.03133,1.38733,6.34567,5.43867,SF,True,0.0753333,0.000666667,,fd,9.72743,34.1,40.4,46.7,50.3,56.8,64.6,1700882251000,20231124,21a7eff3-7ca4-448b-9d73-f088e5476695,bf8b90ea-30f0-4ad0-a308-c5ba3e78b8ba,NO vs LAC,50.17186140756614,fanduel,player_points_assists,Under,1.87,29.5
Brandon Ingram,SF,NO,LAC,34.8902,71.5783,40.4737,25.7747,5.19567,5.16933,1.27067,3.89867,0.392,0.841333,3.128,2.99767,16.235,8.087,4.03133,1.38733,6.34567,5.43867,SF,True,0.0753333,0.000666667,,fd,9.72743,34.1,40.4,46.7,50.3,56.8,64.6,1700882251000,20231124,21a7eff3-7ca4-448b-9d73-f088e5476695,bf8b90ea-30f0-4ad0-a308-c5ba3e78b8ba,NO vs LAC,50.17186140756614,fanduel,player_points_rebounds,Over,1.87,29.5
Brandon Ingram,SF,NO,LAC,34.8902,71.5783,40.4737,25.7747,5.19567,5.16933,1.27067,3.89867,0.392,0.841333,3.128,2.99767,16.235,8.087,4.03133,1.38733,6.34567,5.43867,SF,True,0.0753333,0.000666667,,fd,9.72743,34.1,40.4,46.7,50.3,56.8,64.6,1700882251000,20231124,21a7eff3-7ca4-448b-9d73-f088e5476695,bf8b90ea-30f0-4ad0-a308-c5ba3e78b8ba,NO vs LAC,50.17186140756614,fanduel,player_points_rebounds,Under,1.9,29.5
Brandon Ingram,SF,NO,LAC,34.8902,71.5783,40.4737,25.7747,5.19567,5.16933,1.27067,3.89867,0.392,0.841333,3.128,2.99767,16.235,8.087,4.03133,1.38733,6.34567,5.43867,SF,True,0.0753333,0.000666667,,fd,9.72743,34.1,40.4,46.7,50.3,56.8,64.6,1700882251000,20231124,21a7eff3-7ca4-448b-9d73-f088e5476695,bf8b90ea-30f0-4ad0-a308-c5ba3e78b8ba,NO vs LAC,50.17186140756614,fanduel,player_points_rebounds_assists,Over,1.88,34.5
Brandon Ingram,SF,NO,LAC,34.8902,71.5783,40.4737,25.7747,5.19567,5.16933,1.27067,3.89867,0.392,0.841333,3.128,2.99767,16.235,8.087,4.03133,1.38733,6.34567,5.43867,SF,True,0.0753333,0.000666667,,fd,9.72743,34.1,40.4,46.7,50.3,56.8,64.6,1700882251000,20231124,21a7eff3-7ca4-448b-9d73-f088e5476695,bf8b90ea-30f0-4ad0-a308-c5ba3e78b8ba,NO vs LAC,50.17186140756614,fanduel,player_points_rebounds_assists,Under,1.88,34.5
Brandon Ingram,SF,NO,LAC,34.8902,71.5783,40.4737,25.7747,5.19567,5.16933,1.27067,3.89867,0.392,0.841333,3.128,2.99767,16.235,8.087,4.03133,1.38733,6.34567,5.43867,SF,True,0.0753333,0.000666667,,fd,9.72743,34.1,40.4,46.7,50.3,56.8,64.6,1700882251000,20231124,21a7eff3-7ca4-448b-9d73-f088e5476695,bf8b90ea-30f0-4ad0-a308-c5ba3e78b8ba,NO vs LAC,50.17186140756614,fanduel,player_rebounds,Over,1.71,4.5
Brandon Ingram,SF,NO,LAC,34.8902,71.5783,40.4737,25.7747,5.19567,5.16933,1.27067,3.89867,0.392,0.841333,3.128,2.99767,16.235,8.087,4.03133,1.38733,6.34567,5.43867,SF,True,0.0753333,0.000666667,,fd,9.72743,34.1,40.4,46.7,50.3,56.8,64.6,1700882251000,20231124,21a7eff3-7ca4-448b-9d73-f088e5476695,bf8b90ea-30f0-4ad0-a308-c5ba3e78b8ba,NO vs LAC,50.17186140756614,fanduel,player_rebounds,Under,2.14,4.5
Brandon Ingram,SF,NO,LAC,34.8902,71.5783,40.4737,25.7747,5.19567,5.16933,1.27067,3.89867,0.392,0.841333,3.128,2.99767,16.235,8.087,4.03133,1.38733,6.34567,5.43867,SF,True,0.0753333,0.000666667,,fd,9.72743,34.1,40.4,46.7,50.3,56.8,64.6,1700882251000,20231124,21a7eff3-7ca4-448b-9d73-f088e5476695,bf8b90ea-30f0-4ad0-a308-c5ba3e78b8ba,NO vs LAC,50.17186140756614,fanduel,player_rebounds_assists,Over,1.78,9.5
Brandon Ingram,SF,NO,LAC,34.8902,71.5783,40.4737,25.7747,5.19567,5.16933,1.27067,3.89867,0.392,0.841333,3.128,2.99767,16.235,8.087,4.03133,1.38733,6.34567,5.43867,SF,True,0.0753333,0.000666667,,fd,9.72743,34.1,40.4,46.7,50.3,56.8,64.6,1700882251000,20231124,21a7eff3-7ca4-448b-9d73-f088e5476695,bf8b90ea-30f0-4ad0-a308-c5ba3e78b8ba,NO vs LAC,50.17186140756614,fanduel,player_rebounds_assists,Under,2.0,9.5
Brandon Ingram,SF,NO,LAC,34.8902,71.5783,40.4737,25.7747,5.19567,5.16933,1.27067,3.89867,0.392,0.841333,3.128,2.99767,16.235,8.087,4.03133,1.38733,6.34567,5.43867,SF,True,0.0753333,0.000666667,,fd,9.72743,34.1,40.4,46.7,50.3,56.8,64.6,1700882251000,20231124,21a7eff3-7ca4-448b-9d73-f088e5476695,bf8b90ea-30f0-4ad0-a308-c5ba3e78b8ba,NO vs LAC,50.17186140756614,fanduel,player_threes,Over,2.14,1.5
Brandon Ingram,SF,NO,LAC,34.8902,71.5783,40.4737,25.7747,5.19567,5.16933,1.27067,3.89867,0.392,0.841333,3.128,2.99767,16.235,8.087,4.03133,1.38733,6.34567,5.43867,SF,True,0.0753333,0.000666667,,fd,9.72743,34.1,40.4,46.7,50.3,56.8,64.6,1700882251000,20231124,21a7eff3-7ca4-448b-9d73-f088e5476695,bf8b90ea-30f0-4ad0-a308-c5ba3e78b8ba,NO vs LAC,50.17186140756614,fanduel,player_threes,Under,1.68,1.5
Herbert Jones,SG/SF,NO,LAC,32.2124,66.0893,26.9898,10.5373,3.09233,3.575,0.874,2.701,0.97,1.97933,2.93433,1.324,5.32533,2.87433,2.49333,0.909667,2.55767,2.05967,SG/SF,True,0.004,0.000333333,,fd,8.28396,21.375,26.6,32.1,35.4,41.6,48.302,1700882251000,20231124,21a7eff3-7ca4-448b-9d73-f088e5476695,bf8b90ea-30f0-4ad0-a308-c5ba3e78b8ba,NO vs LAC,54.2142835217288,fanduel,player_assists,Over,1.95,2.5
Herbert Jones,SG/SF,NO,LAC,32.2124,66.0893,26.9898,10.5373,3.09233,3.575,0.874,2.701,0.97,1.97933,2.93433,1.324,5.32533,2.87433,2.49333,0.909667,2.55767,2.05967,SG/SF,True,0.004,0.000333333,,fd,8.28396,21.375,26.6,32.1,35.4,41.6,48.302,1700882251000,20231124,21a7eff3-7ca4-448b-9d73-f088e5476695,bf8b90ea-30f0-4ad0-a308-c5ba3e78b8ba,NO vs LAC,54.2142835217288,fanduel,player_assists,Under,1.87,2.5
Herbert Jones,SG/SF,NO,LAC,32.2124,66.0893,26.9898,10.5373,3.09233,3.575,0.874,2.701,0.97,1.97933,2.93433,1.324,5.32533,2.87433,2.49333,0.909667,2.55767,2.05967,SG/SF,True,0.004,0.000333333,,fd,8.28396,21.375,26.6,32.1,35.4,41.6,48.302,1700882251000,20231124,21a7eff3-7ca4-448b-9d73-f088e5476695,bf8b90ea-30f0-4ad0-a308-c5ba3e78b8ba,NO vs LAC,54.2142835217288,fanduel,player_points,Over,1.98,9.5
Herbert Jones,SG/SF,NO,LAC,32.2124,66.0893,26.9898,10.5373,3.09233,3.575,0.874,2.701,0.97,1.97933,2.93433,1.324,5.32533,2.87433,2.49333,0.909667,2.55767,2.05967,SG/SF,True,0.004,0.000333333,,fd,8.28396,21.375,26.6,32.1,35.4,41.6,48.302,1700882251000,20231124,21a7eff3-7ca4-448b-9d73-f088e5476695,bf8b90ea-30f0-4ad0-a308-c5ba3e78b8ba,NO vs LAC,54.2142835217288,fanduel,player_points,Under,1.83,9.5
Herbert Jones,SG/SF,NO,LAC,32.2124,66.0893,26.9898,10.5373,3.09233,3.575,0.874,2.701,0.97,1.97933,2.93433,1.324,5.32533,2.87433,2.49333,0.909667,2.55767,2.05967,SG/SF,True,0.004,0.000333333,,fd,8.28396,21.375,26.6,32.1,35.4,41.6,48.302,1700882251000,20231124,21a7eff3-7ca4-448b-9d73-f088e5476695,bf8b90ea-30f0-4ad0-a308-c5ba3e78b8ba,NO vs LAC,54.2142835217288,fanduel,player_points_assists,Over,1.74,11.5
Herbert Jones,SG/SF,NO,LAC,32.2124,66.0893,26.9898,10.5373,3.09233,3.575,0.874,2.701,0.97,1.97933,2.93433,1.324,5.32533,2.87433,2.49333,0.909667,2.55767,2.05967,SG/SF,True,0.004,0.000333333,,fd,8.28396,21.375,26.6,32.1,35.4,41.6,48.302,1700882251000,20231124,21a7eff3-7ca4-448b-9d73-f088e5476695,bf8b90ea-30f0-4ad0-a308-c5ba3e78b8ba,NO vs LAC,54.2142835217288,fanduel,player_points_assists,Under,2.06,11.5
Herbert Jones,SG/SF,NO,LAC,32.2124,66.0893,26.9898,10.5373,3.09233,3.575,0.874,2.701,0.97,1.97933,2.93433,1.324,5.32533,2.87433,2.49333,0.909667,2.55767,2.05967,SG/SF,True,0.004,0.000333333,,fd,8.28396,21.375,26.6,32.1,35.4,41.6,48.302,1700882251000,20231124,21a7eff3-7ca4-448b-9d73-f088e5476695,bf8b90ea-30f0-4ad0-a308-c5ba3e78b8ba,NO vs LAC,54.2142835217288,fanduel,player_points_rebounds,Over,1.93,13.5
Herbert Jones,SG/SF,NO,LAC,32.2124,66.0893,26.9898,10.5373,3.09233,3.575,0.874,2.701,0.97,1.97933,2.93433,1.324,5.32533,2.87433,2.49333,0.909667,2.55767,2.05967,SG/SF,True,0.004,0.000333333,,fd,8.28396,21.375,26.6,32.1,35.4,41.6,48.302,1700882251000,20231124,21a7eff3-7ca4-448b-9d73-f088e5476695,bf8b90ea-30f0-4ad0-a308-c5ba3e78b8ba,NO vs LAC,54.2142835217288,fanduel,player_points_rebounds,Under,1.83,13.5
Herbert Jones,SG/SF,NO,LAC,32.2124,66.0893,26.9898,10.5373,3.09233,3.575,0.874,2.701,0.97,1.97933,2.93433,1.324,5.32533,2.87433,2.49333,0.909667,2.55767,2.05967,SG/SF,True,0.004,0.000333333,,fd,8.28396,21.375,26.6,32.1,35.4,41.6,48.302,1700882251000,20231124,21a7eff3-7ca4-448b-9d73-f088e5476695,bf8b90ea-30f0-4ad0-a308-c5ba3e78b8ba,NO vs LAC,54.2142835217288,fanduel,player_points_rebounds_assists,Over,1.77,15.5
Herbert Jones,SG/SF,NO,LAC,32.2124,66.0893,26.9898,10.5373,3.09233,3.575,0.874,2.701,0.97,1.97933,2.93433,1.324,5.32533,2.87433,2.49333,0.909667,2.55767,2.05967,SG/SF,True,0.004,0.000333333,,fd,8.28396,21.375,26.6,32.1,35.4,41.6,48.302,1700882251000,20231124,21a7eff3-7ca4-448b-9d73-f088e5476695,bf8b90ea-30f0-4ad0-a308-c5ba3e78b8ba,NO vs LAC,54.2142835217288,fanduel,player_points_rebounds_assists,Under,2.0,15.5
Herbert Jones,SG/SF,NO,LAC,32.2124,66.0893,26.9898,10.5373,3.09233,3.575,0.874,2.701,0.97,1.97933,2.93433,1.324,5.32533,2.87433,2.49333,0.909667,2.55767,2.05967,SG/SF,True,0.004,0.000333333,,fd,8.28396,21.375,26.6,32.1,35.4,41.6,48.302,1700882251000,20231124,21a7eff3-7ca4-448b-9d73-f088e5476695,bf8b90ea-30f0-4ad0-a308-c5ba3e78b8ba,NO vs LAC,54.2142835217288,fanduel,player_rebounds,Over,1.77,3.5
Herbert Jones,SG/SF,NO,LAC,32.2124,66.0893,26.9898,10.5373,3.09233,3.575,0.874,2.701,0.97,1.97933,2.93433,1.324,5.32533,2.87433,2.49333,0.909667,2.55767,2.05967,SG/SF,True,0.004,0.000333333,,fd,8.28396,21.375,26.6,32.1,35.4,41.6,48.302,1700882251000,20231124,21a7eff3-7ca4-448b-9d73-f088e5476695,bf8b90ea-30f0-4ad0-a308-c5ba3e78b8ba,NO vs LAC,54.2142835217288,fanduel,player_rebounds,Under,2.06,3.5
Herbert Jones,SG/SF,NO,LAC,32.2124,66.0893,26.9898,10.5373,3.09233,3.575,0.874,2.701,0.97,1.97933,2.93433,1.324,5.32533,2.87433,2.49333,0.909667,2.55767,2.05967,SG/SF,True,0.004,0.000333333,,fd,8.28396,21.375,26.6,32.1,35.4,41.6,48.302,1700882251000,20231124,21a7eff3-7ca4-448b-9d73-f088e5476695,bf8b90ea-30f0-4ad0-a308-c5ba3e78b8ba,NO vs LAC,54.2142835217288,fanduel,player_rebounds_assists,Over,1.96,6.5
Herbert Jones,SG/SF,NO,LAC,32.2124,66.0893,26.9898,10.5373,3.09233,3.575,0.874,2.701,0.97,1.97933,2.93433,1.324,5.32533,2.87433,2.49333,0.909667,2.55767,2.05967,SG/SF,True,0.004,0.000333333,,fd,8.28396,21.375,26.6,32.1,35.4,41.6,48.302,1700882251000,20231124,21a7eff3-7ca4-448b-9d73-f088e5476695,bf8b90ea-30f0-4ad0-a308-c5ba3e78b8ba,NO vs LAC,54.2142835217288,fanduel,player_rebounds_assists,Under,1.82,6.5
Herbert Jones,SG/SF,NO,LAC,32.2124,66.0893,26.9898,10.5373,3.09233,3.575,0.874,2.701,0.97,1.97933,2.93433,1.324,5.32533,2.87433,2.49333,0.909667,2.55767,2.05967,SG/SF,True,0.004,0.000333333,,fd,8.28396,21.375,26.6,32.1,35.4,41.6,48.302,1700882251000,20231124,21a7eff3-7ca4-448b-9d73-f088e5476695,bf8b90ea-30f0-4ad0-a308-c5ba3e78b8ba,NO vs LAC,54.2142835217288,fanduel,player_steals,Over,1.78,1.5
Herbert Jones,SG/SF,NO,LAC,32.2124,66.0893,26.9898,10.5373,3.09233,3.575,0.874,2.701,0.97,1.97933,2.93433,1.324,5.32533,2.87433,2.49333,0.909667,2.55767,2.05967,SG/SF,True,0.004,0.000333333,,fd,8.28396,21.375,26.6,32.1,35.4,41.6,48.302,1700882251000,20231124,21a7eff3-7ca4-448b-9d73-f088e5476695,bf8b90ea-30f0-4ad0-a308-c5ba3e78b8ba,NO vs LAC,54.2142835217288,fanduel,player_steals,Under,2.0,1.5
James Harden,SG/PG,LAC,NO,34.0511,70.4427,33.698,14.9007,6.725,5.25933,1.09733,4.162,0.461667,1.172,3.11167,2.50233,4.903,2.73633,5.07233,1.898,4.22733,3.734,SG/PG,True,0.149,0.003,,fd,8.92936,27.6,33.5,39.6,42.915,48.805,54.901,1700882251000,20231124,21a7eff3-7ca4-448b-9d73-f088e5476695,bf8b90ea-30f0-4ad0-a308-c5ba3e78b8ba,LAC vs NO,55.97138139790865,fanduel,player_assists,Over,1.76,7.5
James Harden,SG/PG,LAC,NO,34.0511,70.4427,33.698,14.9007,6.725,5.25933,1.09733,4.162,0.461667,1.172,3.11167,2.50233,4.903,2.73633,5.07233,1.898,4.22733,3.734,SG/PG,True,0.149,0.003,,fd,8.92936,27.6,33.5,39.6,42.915,48.805,54.901,1700882251000,20231124,21a7eff3-7ca4-448b-9d73-f088e5476695,bf8b90ea-30f0-4ad0-a308-c5ba3e78b8ba,LAC vs NO,55.97138139790865,fanduel,player_assists,Under,2.08,7.5
James Harden,SG/PG,LAC,NO,34.0511,70.4427,33.698,14.9007,6.725,5.25933,1.09733,4.162,0.461667,1.172,3.11167,2.50233,4.903,2.73633,5.07233,1.898,4.22733,3.734,SG/PG,True,0.149,0.003,,fd,8.92936,27.6,33.5,39.6,42.915,48.805,54.901,1700882251000,20231124,21a7eff3-7ca4-448b-9d73-f088e5476695,bf8b90ea-30f0-4ad0-a308-c5ba3e78b8ba,LAC vs NO,55.97138139790865,fanduel,player_points,Over,1.93,16.5
James Harden,SG/PG,LAC,NO,34.0511,70.4427,33.698,14.9007,6.725,5.25933,1.09733,4.162,0.461667,1.172,3.11167,2.50233,4.903,2.73633,5.07233,1.898,4.22733,3.734,SG/PG,True,0.149,0.003,,fd,8.92936,27.6,33.5,39.6,42.915,48.805,54.901,1700882251000,20231124,21a7eff3-7ca4-448b-9d73-f088e5476695,bf8b90ea-30f0-4ad0-a308-c5ba3e78b8ba,LAC vs NO,55.97138139790865,fanduel,player_points,Under,1.89,16.5
James Harden,SG/PG,LAC,NO,34.0511,70.4427,33.698,14.9007,6.725,5.25933,1.09733,4.162,0.461667,1.172,3.11167,2.50233,4.903,2.73633,5.07233,1.898,4.22733,3.734,SG/PG,True,0.149,0.003,,fd,8.92936,27.6,33.5,39.6,42.915,48.805,54.901,1700882251000,20231124,21a7eff3-7ca4-448b-9d73-f088e5476695,bf8b90ea-30f0-4ad0-a308-c5ba3e78b8ba,LAC vs NO,55.97138139790865,fanduel,player_points_assists,Over,1.93,24.5
James Harden,SG/PG,LAC,NO,34.0511,70.4427,33.698,14.9007,6.725,5.25933,1.09733,4.162,0.461667,1.172,3.11167,2.50233,4.903,2.73633,5.07233,1.898,4.22733,3.734,SG/PG,True,0.149,0.003,,fd,8.92936,27.6,33.5,39.6,42.915,48.805,54.901,1700882251000,20231124,21a7eff3-7ca4-448b-9d73-f088e5476695,bf8b90ea-30f0-4ad0-a308-c5ba3e78b8ba,LAC vs NO,55.97138139790865,fanduel,player_points_assists,Under,1.85,24.5
James Harden,SG/PG,LAC,NO,34.0511,70.4427,33.698,14.9007,6.725,5.25933,1.09733,4.162,0.461667,1.172,3.11167,2.50233,4.903,2.73633,5.07233,1.898,4.22733,3.734,SG/PG,True,0.149,0.003,,fd,8.92936,27.6,33.5,39.6,42.915,48.805,54.901,1700882251000,20231124,21a7eff3-7ca4-448b-9d73-f088e5476695,bf8b90ea-30f0-4ad0-a308-c5ba3e78b8ba,LAC vs NO,55.97138139790865,fanduel,player_points_rebounds,Over,1.85,21.5
James Harden,SG/PG,LAC,NO,34.0511,70.4427,33.698,14.9007,6.725,5.25933,1.09733,4.162,0.461667,1.172,3.11167,2.50233,4.903,2.73633,5.07233,1.898,4.22733,3.734,SG/PG,True,0.149,0.003,,fd,8.92936,27.6,33.5,39.6,42.915,48.805,54.901,1700882251000,20231124,21a7eff3-7ca4-448b-9d73-f088e5476695,bf8b90ea-30f0-4ad0-a308-c5ba3e78b8ba,LAC vs NO,55.97138139790865,fanduel,player_points_rebounds,Under,1.93,21.5
James Harden,SG/PG,LAC,NO,34.0511,70.4427,33.698,14.9007,6.725,5.25933,1.09733,4.162,0.461667,1.172,3.11167,2.50233,4.903,2.73633,5.07233,1.898,4.22733,3.734,SG/PG,True,0.149,0.003,,fd,8.92936,27.6,33.5,39.6,42.915,48.805,54.901,1700882251000,20231124,21a7eff3-7ca4-448b-9d73-f088e5476695,bf8b90ea-30f0-4ad0-a308-c5ba3e78b8ba,LAC vs NO,55.97138139790865,fanduel,player_points_rebounds_assists,Over,1.87,29.5
James Harden,SG/PG,LAC,NO,34.0511,70.4427,33.698,14.9007,6.725,5.25933,1.09733,4.162,0.461667,1.172,3.11167,2.50233,4.903,2.73633,5.07233,1.898,4.22733,3.734,SG/PG,True,0.149,0.003,,fd,8.92936,27.6,33.5,39.6,42.915,48.805,54.901,1700882251000,20231124,21a7eff3-7ca4-448b-9d73-f088e5476695,bf8b90ea-30f0-4ad0-a308-c5ba3e78b8ba,LAC vs NO,55.97138139790865,fanduel,player_points_rebounds_assists,Under,1.9,29.5
James Harden,SG/PG,LAC,NO,34.0511,70.4427,33.698,14.9007,6.725,5.25933,1.09733,4.162,0.461667,1.172,3.11167,2.50233,4.903,2.73633,5.07233,1.898,4.22733,3.734,SG/PG,True,0.149,0.003,,fd,8.92936,27.6,33.5,39.6,42.915,48.805,54.901,1700882251000,20231124,21a7eff3-7ca4-448b-9d73-f088e5476695,bf8b90ea-30f0-4ad0-a308-c5ba3e78b8ba,LAC vs NO,55.97138139790865,fanduel,player_rebounds,Over,1.7,4.5
James Harden,SG/PG,LAC,NO,34.0511,70.4427,33.698,14.9007,6.725,5.25933,1.09733,4.162,0.461667,1.172,3.11167,2.50233,4.903,2.73633,5.07233,1.898,4.22733,3.734,SG/PG,True,0.149,0.003,,fd,8.92936,27.6,33.5,39.6,42.915,48.805,54.901,1700882251000,20231124,21a7eff3-7ca4-448b-9d73-f088e5476695,bf8b90ea-30f0-4ad0-a308-c5ba3e78b8ba,LAC vs NO,55.97138139790865,fanduel,player_rebounds,Under,2.16,4.5
James Harden,SG/PG,LAC,NO,34.0511,70.4427,33.698,14.9007,6.725,5.25933,1.09733,4.162,0.461667,1.172,3.11167,2.50233,4.903,2.73633,5.07233,1.898,4.22733,3.734,SG/PG,True,0.149,0.003,,fd,8.92936,27.6,33.5,39.6,42.915,48.805,54.901,1700882251000,20231124,21a7eff3-7ca4-448b-9d73-f088e5476695,bf8b90ea-30f0-4ad0-a308-c5ba3e78b8ba,LAC vs NO,55.97138139790865,fanduel,player_rebounds_assists,Over,1.76,12.5
James Harden,SG/PG,LAC,NO,34.0511,70.4427,33.698,14.9007,6.725,5.25933,1.09733,4.162,0.461667,1.172,3.11167,2.50233,4.903,2.73633,5.07233,1.898,4.22733,3.734,SG/PG,True,0.149,0.003,,fd,8.92936,27.6,33.5,39.6,42.915,48.805,54.901,1700882251000,20231124,21a7eff3-7ca4-448b-9d73-f088e5476695,bf8b90ea-30f0-4ad0-a308-c5ba3e78b8ba,LAC vs NO,55.97138139790865,fanduel,player_rebounds_assists,Under,2.04,12.5
James Harden,SG/PG,LAC,NO,34.0511,70.4427,33.698,14.9007,6.725,5.25933,1.09733,4.162,0.461667,1.172,3.11167,2.50233,4.903,2.73633,5.07233,1.898,4.22733,3.734,SG/PG,True,0.149,0.003,,fd,8.92936,27.6,33.5,39.6,42.915,48.805,54.901,1700882251000,20231124,21a7eff3-7ca4-448b-9d73-f088e5476695,bf8b90ea-30f0-4ad0-a308-c5ba3e78b8ba,LAC vs NO,55.97138139790865,fanduel,player_threes,Over,2.24,2.5
James Harden,SG/PG,LAC,NO,34.0511,70.4427,33.698,14.9007,6.725,5.25933,1.09733,4.162,0.461667,1.172,3.11167,2.50233,4.903,2.73633,5.07233,1.898,4.22733,3.734,SG/PG,True,0.149,0.003,,fd,8.92936,27.6,33.5,39.6,42.915,48.805,54.901,1700882251000,20231124,21a7eff3-7ca4-448b-9d73-f088e5476695,bf8b90ea-30f0-4ad0-a308-c5ba3e78b8ba,LAC vs NO,55.97138139790865,fanduel,player_threes,Under,1.63,2.5
Dyson Daniels,PG,NO,LAC,29.9736,61.3433,22.6482,7.06733,3.44633,4.92,1.17767,3.74233,0.486,1.43867,2.59133,1.26667,3.47967,1.79967,2.40933,0.865667,1.205,0.871,PG,True,0.008,0.0,,fd,7.2707,17.6,22.3,27.4,30.2,35.1,41.002,1700882251000,20231124,21a7eff3-7ca4-448b-9d73-f088e5476695,bf8b90ea-30f0-4ad0-a308-c5ba3e78b8ba,NO vs LAC,52.60944982170148,fanduel,player_assists,Over,1.77,3.5
Dyson Daniels,PG,NO,LAC,29.9736,61.3433,22.6482,7.06733,3.44633,4.92,1.17767,3.74233,0.486,1.43867,2.59133,1.26667,3.47967,1.79967,2.40933,0.865667,1.205,0.871,PG,True,0.008,0.0,,fd,7.2707,17.6,22.3,27.4,30.2,35.1,41.002,1700882251000,20231124,21a7eff3-7ca4-448b-9d73-f088e5476695,bf8b90ea-30f0-4ad0-a308-c5ba3e78b8ba,NO vs LAC,52.60944982170148,fanduel,player_assists,Under,2.06,3.5
Dyson Daniels,PG,NO,LAC,29.9736,61.3433,22.6482,7.06733,3.44633,4.92,1.17767,3.74233,0.486,1.43867,2.59133,1.26667,3.47967,1.79967,2.40933,0.865667,1.205,0.871,PG,True,0.008,0.0,,fd,7.2707,17.6,22.3,27.4,30.2,35.1,41.002,1700882251000,20231124,21a7eff3-7ca4-448b-9d73-f088e5476695,bf8b90ea-30f0-4ad0-a308-c5ba3e78b8ba,NO vs LAC,52.60944982170148,fanduel,player_points,Over,1.94,7.5
Dyson Daniels,PG,NO,LAC,29.9736,61.3433,22.6482,7.06733,3.44633,4.92,1.17767,3.74233,0.486,1.43867,2.59133,1.26667,3.47967,1.79967,2.40933,0.865667,1.205,0.871,PG,True,0.008,0.0,,fd,7.2707,17.6,22.3,27.4,30.2,35.1,41.002,1700882251000,20231124,21a7eff3-7ca4-448b-9d73-f088e5476695,bf8b90ea-30f0-4ad0-a308-c5ba3e78b8ba,NO vs LAC,52.60944982170148,fanduel,player_points,Under,1.88,7.5
Dyson Daniels,PG,NO,LAC,29.9736,61.3433,22.6482,7.06733,3.44633,4.92,1.17767,3.74233,0.486,1.43867,2.59133,1.26667,3.47967,1.79967,2.40933,0.865667,1.205,0.871,PG,True,0.008,0.0,,fd,7.2707,17.6,22.3,27.4,30.2,35.1,41.002,1700882251000,20231124,21a7eff3-7ca4-448b-9d73-f088e5476695,bf8b90ea-30f0-4ad0-a308-c5ba3e78b8ba,NO vs LAC,52.60944982170148,fanduel,player_points_assists,Over,1.94,11.5
Dyson Daniels,PG,NO,LAC,29.9736,61.3433,22.6482,7.06733,3.44633,4.92,1.17767,3.74233,0.486,1.43867,2.59133,1.26667,3.47967,1.79967,2.40933,0.865667,1.205,0.871,PG,True,0.008,0.0,,fd,7.2707,17.6,22.3,27.4,30.2,35.1,41.002,1700882251000,20231124,21a7eff3-7ca4-448b-9d73-f088e5476695,bf8b90ea-30f0-4ad0-a308-c5ba3e78b8ba,NO vs LAC,52.60944982170148,fanduel,player_points_assists,Under,1.83,11.5
Dyson Daniels,PG,NO,LAC,29.9736,61.3433,22.6482,7.06733,3.44633,4.92,1.17767,3.74233,0.486,1.43867,2.59133,1.26667,3.47967,1.79967,2.40933,0.865667,1.205,0.871,PG,True,0.008,0.0,,fd,7.2707,17.6,22.3,27.4,30.2,35.1,41.002,1700882251000,20231124,21a7eff3-7ca4-448b-9d73-f088e5476695,bf8b90ea-30f0-4ad0-a308-c5ba3e78b8ba,NO vs LAC,52.60944982170148,fanduel,player_points_rebounds,Over,1.77,11.5
Dyson Daniels,PG,NO,LAC,29.9736,61.3433,22.6482,7.06733,3.44633,4.92,1.17767,3.74233,0.486,1.43867,2.59133,1.26667,3.47967,1.79967,2.40933,0.865667,1.205,0.871,PG,True,0.008,0.0,,fd,7.2707,17.6,22.3,27.4,30.2,35.1,41.002,1700882251000,20231124,21a7eff3-7ca4-448b-9d73-f088e5476695,bf8b90ea-30f0-4ad0-a308-c5ba3e78b8ba,NO vs LAC,52.60944982170148,fanduel,player_points_rebounds,Under,2.02,11.5
Dyson Daniels,PG,NO,LAC,29.9736,61.3433,22.6482,7.06733,3.44633,4.92,1.17767,3.74233,0.486,1.43867,2.59133,1.26667,3.47967,1.79967,2.40933,0.865667,1.205,0.871,PG,True,0.008,0.0,,fd,7.2707,17.6,22.3,27.4,30.2,35.1,41.002,1700882251000,20231124,21a7eff3-7ca4-448b-9d73-f088e5476695,bf8b90ea-30f0-4ad0-a308-c5ba3e78b8ba,NO vs LAC,52.60944982170148,fanduel,player_points_rebounds_assists,Over,1.8,15.5
Dyson Daniels,PG,NO,LAC,29.9736,61.3433,22.6482,7.06733,3.44633,4.92,1.17767,3.74233,0.486,1.43867,2.59133,1.26667,3.47967,1.79967,2.40933,0.865667,1.205,0.871,PG,True,0.008,0.0,,fd,7.2707,17.6,22.3,27.4,30.2,35.1,41.002,1700882251000,20231124,21a7eff3-7ca4-448b-9d73-f088e5476695,bf8b90ea-30f0-4ad0-a308-c5ba3e78b8ba,NO vs LAC,52.60944982170148,fanduel,player_points_rebounds_assists,Under,1.98,15.5
Dyson Daniels,PG,NO,LAC,29.9736,61.3433,22.6482,7.06733,3.44633,4.92,1.17767,3.74233,0.486,1.43867,2.59133,1.26667,3.47967,1.79967,2.40933,0.865667,1.205,0.871,PG,True,0.008,0.0,,fd,7.2707,17.6,22.3,27.4,30.2,35.1,41.002,1700882251000,20231124,21a7eff3-7ca4-448b-9d73-f088e5476695,bf8b90ea-30f0-4ad0-a308-c5ba3e78b8ba,NO vs LAC,52.60944982170148,fanduel,player_rebounds,Over,2.06,4.5
Dyson Daniels,PG,NO,LAC,29.9736,61.3433,22.6482,7.06733,3.44633,4.92,1.17767,3.74233,0.486,1.43867,2.59133,1.26667,3.47967,1.79967,2.40933,0.865667,1.205,0.871,PG,True,0.008,0.0,,fd,7.2707,17.6,22.3,27.4,30.2,35.1,41.002,1700882251000,20231124,21a7eff3-7ca4-448b-9d73-f088e5476695,bf8b90ea-30f0-4ad0-a308-c5ba3e78b8ba,NO vs LAC,52.60944982170148,fanduel,player_rebounds,Under,1.77,4.5
Dyson Daniels,PG,NO,LAC,29.9736,61.3433,22.6482,7.06733,3.44633,4.92,1.17767,3.74233,0.486,1.43867,2.59133,1.26667,3.47967,1.79967,2.40933,0.865667,1.205,0.871,PG,True,0.008,0.0,,fd,7.2707,17.6,22.3,27.4,30.2,35.1,41.002,1700882251000,20231124,21a7eff3-7ca4-448b-9d73-f088e5476695,bf8b90ea-30f0-4ad0-a308-c5ba3e78b8ba,NO vs LAC,52.60944982170148,fanduel,player_rebounds_assists,Over,2.04,8.5
Dyson Daniels,PG,NO,LAC,29.9736,61.3433,22.6482,7.06733,3.44633,4.92,1.17767,3.74233,0.486,1.43867,2.59133,1.26667,3.47967,1.79967,2.40933,0.865667,1.205,0.871,PG,True,0.008,0.0,,fd,7.2707,17.6,22.3,27.4,30.2,35.1,41.002,1700882251000,20231124,21a7eff3-7ca4-448b-9d73-f088e5476695,bf8b90ea-30f0-4ad0-a308-c5ba3e78b8ba,NO vs LAC,52.60944982170148,fanduel,player_rebounds_assists,Under,1.76,8.5
Paul George,SG/SF,LAC,NO,34.8634,71.9673,39.4665,24.31,3.24967,5.22667,1.104,4.12267,0.372667,1.87,3.133,2.718,10.051,5.441,8.79233,2.879,5.39933,4.791,SG/SF,True,0.0376667,0.0,,fd,10.1852,32.4,39.3,46.225,50.0,56.9,63.901,1700882251000,20231124,21a7eff3-7ca4-448b-9d73-f088e5476695,bf8b90ea-30f0-4ad0-a308-c5ba3e78b8ba,LAC vs NO,51.79286251421591,fanduel,player_assists,Over,2.1,3.5
Paul George,SG/SF,LAC,NO,34.8634,71.9673,39.4665,24.31,3.24967,5.22667,1.104,4.12267,0.372667,1.87,3.133,2.718,10.051,5.441,8.79233,2.879,5.39933,4.791,SG/SF,True,0.0376667,0.0,,fd,10.1852,32.4,39.3,46.225,50.0,56.9,63.901,1700882251000,20231124,21a7eff3-7ca4-448b-9d73-f088e5476695,bf8b90ea-30f0-4ad0-a308-c5ba3e78b8ba,LAC vs NO,51.79286251421591,fanduel,player_assists,Under,1.75,3.5
Paul George,SG/SF,LAC,NO,34.8634,71.9673,39.4665,24.31,3.24967,5.22667,1.104,4.12267,0.372667,1.87,3.133,2.718,10.051,5.441,8.79233,2.879,5.39933,4.791,SG/SF,True,0.0376667,0.0,,fd,10.1852,32.4,39.3,46.225,50.0,56.9,63.901,1700882251000,20231124,21a7eff3-7ca4-448b-9d73-f088e5476695,bf8b90ea-30f0-4ad0-a308-c5ba3e78b8ba,LAC vs NO,51.79286251421591,fanduel,player_points,Over,1.88,24.5
Paul George,SG/SF,LAC,NO,34.8634,71.9673,39.4665,24.31,3.24967,5.22667,1.104,4.12267,0.372667,1.87,3.133,2.718,10.051,5.441,8.79233,2.879,5.39933,4.791,SG/SF,True,0.0376667,0.0,,fd,10.1852,32.4,39.3,46.225,50.0,56.9,63.901,1700882251000,20231124,21a7eff3-7ca4-448b-9d73-f088e5476695,bf8b90ea-30f0-4ad0-a308-c5ba3e78b8ba,LAC vs NO,51.79286251421591,fanduel,player_points,Under,1.94,24.5
Paul George,SG/SF,LAC,NO,34.8634,71.9673,39.4665,24.31,3.24967,5.22667,1.104,4.12267,0.372667,1.87,3.133,2.718,10.051,5.441,8.79233,2.879,5.39933,4.791,SG/SF,True,0.0376667,0.0,,fd,10.1852,32.4,39.3,46.225,50.0,56.9,63.901,1700882251000,20231124,21a7eff3-7ca4-448b-9d73-f088e5476695,bf8b90ea-30f0-4ad0-a308-c5ba3e78b8ba,LAC vs NO,51.79286251421591,fanduel,player_points_assists,Over,1.94,28.5
Paul George,SG/SF,LAC,NO,34.8634,71.9673,39.4665,24.31,3.24967,5.22667,1.104,4.12267,0.372667,1.87,3.133,2.718,10.051,5.441,8.79233,2.879,5.39933,4.791,SG/SF,True,0.0376667,0.0,,fd,10.1852,32.4,39.3,46.225,50.0,56.9,63.901,1700882251000,20231124,21a7eff3-7ca4-448b-9d73-f088e5476695,bf8b90ea-30f0-4ad0-a308-c5ba3e78b8ba,LAC vs NO,51.79286251421591,fanduel,player_points_assists,Under,1.83,28.5
Paul George,SG/SF,LAC,NO,34.8634,71.9673,39.4665,24.31,3.24967,5.22667,1.104,4.12267,0.372667,1.87,3.133,2.718,10.051,5.441,8.79233,2.879,5.39933,4.791,SG/SF,True,0.0376667,0.0,,fd,10.1852,32.4,39.3,46.225,50.0,56.9,63.901,1700882251000,20231124,21a7eff3-7ca4-448b-9d73-f088e5476695,bf8b90ea-30f0-4ad0-a308-c5ba3e78b8ba,LAC vs NO,51.79286251421591,fanduel,player_points_rebounds,Over,1.87,30.5
Paul George,SG/SF,LAC,NO,34.8634,71.9673,39.4665,24.31,3.24967,5.22667,1.104,4.12267,0.372667,1.87,3.133,2.718,10.051,5.441,8.79233,2.879,5.39933,4.791,SG/SF,True,0.0376667,0.0,,fd,10.1852,32.4,39.3,46.225,50.0,56.9,63.901,1700882251000,20231124,21a7eff3-7ca4-448b-9d73-f088e5476695,bf8b90ea-30f0-4ad0-a308-c5ba3e78b8ba,LAC vs NO,51.79286251421591,fanduel,player_points_rebounds,Under,1.9,30.5
Paul George,SG/SF,LAC,NO,34.8634,71.9673,39.4665,24.31,3.24967,5.22667,1.104,4.12267,0.372667,1.87,3.133,2.718,10.051,5.441,8.79233,2.879,5.39933,4.791,SG/SF,True,0.0376667,0.0,,fd,10.1852,32.4,39.3,46.225,50.0,56.9,63.901,1700882251000,20231124,21a7eff3-7ca4-448b-9d73-f088e5476695,bf8b90ea-30f0-4ad0-a308-c5ba3e78b8ba,LAC vs NO,51.79286251421591,fanduel,player_points_rebounds_assists,Over,1.96,34.5
Paul George,SG/SF,LAC,NO,34.8634,71.9673,39.4665,24.31,3.24967,5.22667,1.104,4.12267,0.372667,1.87,3.133,2.718,10.051,5.441,8.79233,2.879,5.39933,4.791,SG/SF,True,0.0376667,0.0,,fd,10.1852,32.4,39.3,46.225,50.0,56.9,63.901,1700882251000,20231124,21a7eff3-7ca4-448b-9d73-f088e5476695,bf8b90ea-30f0-4ad0-a308-c5ba3e78b8ba,LAC vs NO,51.79286251421591,fanduel,player_points_rebounds_assists,Under,1.82,34.5
Paul George,SG/SF,LAC,NO,34.8634,71.9673,39.4665,24.31,3.24967,5.22667,1.104,4.12267,0.372667,1.87,3.133,2.718,10.051,5.441,8.79233,2.879,5.39933,4.791,SG/SF,True,0.0376667,0.0,,fd,10.1852,32.4,39.3,46.225,50.0,56.9,63.901,1700882251000,20231124,21a7eff3-7ca4-448b-9d73-f088e5476695,bf8b90ea-30f0-4ad0-a308-c5ba3e78b8ba,LAC vs NO,51.79286251421591,fanduel,player_rebounds,Over,1.85,5.5
Paul George,SG/SF,LAC,NO,34.8634,71.9673,39.4665,24.31,3.24967,5.22667,1.104,4.12267,0.372667,1.87,3.133,2.718,10.051,5.441,8.79233,2.879,5.39933,4.791,SG/SF,True,0.0376667,0.0,,fd,10.1852,32.4,39.3,46.225,50.0,56.9,63.901,1700882251000,20231124,21a7eff3-7ca4-448b-9d73-f088e5476695,bf8b90ea-30f0-4ad0-a308-c5ba3e78b8ba,LAC vs NO,51.79286251421591,fanduel,player_rebounds,Under,1.96,5.5
Paul George,SG/SF,LAC,NO,34.8634,71.9673,39.4665,24.31,3.24967,5.22667,1.104,4.12267,0.372667,1.87,3.133,2.718,10.051,5.441,8.79233,2.879,5.39933,4.791,SG/SF,True,0.0376667,0.0,,fd,10.1852,32.4,39.3,46.225,50.0,56.9,63.901,1700882251000,20231124,21a7eff3-7ca4-448b-9d73-f088e5476695,bf8b90ea-30f0-4ad0-a308-c5ba3e78b8ba,LAC vs NO,51.79286251421591,fanduel,player_rebounds_assists,Over,2.06,9.5
Paul George,SG/SF,LAC,NO,34.8634,71.9673,39.4665,24.31,3.24967,5.22667,1.104,4.12267,0.372667,1.87,3.133,2.718,10.051,5.441,8.79233,2.879,5.39933,4.791,SG/SF,True,0.0376667,0.0,,fd,10.1852,32.4,39.3,46.225,50.0,56.9,63.901,1700882251000,20231124,21a7eff3-7ca4-448b-9d73-f088e5476695,bf8b90ea-30f0-4ad0-a308-c5ba3e78b8ba,LAC vs NO,51.79286251421591,fanduel,player_rebounds_assists,Under,1.74,9.5
Paul George,SG/SF,LAC,NO,34.8634,71.9673,39.4665,24.31,3.24967,5.22667,1.104,4.12267,0.372667,1.87,3.133,2.718,10.051,5.441,8.79233,2.879,5.39933,4.791,SG/SF,True,0.0376667,0.0,,fd,10.1852,32.4,39.3,46.225,50.0,56.9,63.901,1700882251000,20231124,21a7eff3-7ca4-448b-9d73-f088e5476695,bf8b90ea-30f0-4ad0-a308-c5ba3e78b8ba,LAC vs NO,51.79286251421591,fanduel,player_steals,Over,1.72,1.5
Paul George,SG/SF,LAC,NO,34.8634,71.9673,39.4665,24.31,3.24967,5.22667,1.104,4.12267,0.372667,1.87,3.133,2.718,10.051,5.441,8.79233,2.879,5.39933,4.791,SG/SF,True,0.0376667,0.0,,fd,10.1852,32.4,39.3,46.225,50.0,56.9,63.901,1700882251000,20231124,21a7eff3-7ca4-448b-9d73-f088e5476695,bf8b90ea-30f0-4ad0-a308-c5ba3e78b8ba,LAC vs NO,51.79286251421591,fanduel,player_steals,Under,2.08,1.5
Paul George,SG/SF,LAC,NO,34.8634,71.9673,39.4665,24.31,3.24967,5.22667,1.104,4.12267,0.372667,1.87,3.133,2.718,10.051,5.441,8.79233,2.879,5.39933,4.791,SG/SF,True,0.0376667,0.0,,fd,10.1852,32.4,39.3,46.225,50.0,56.9,63.901,1700882251000,20231124,21a7eff3-7ca4-448b-9d73-f088e5476695,bf8b90ea-30f0-4ad0-a308-c5ba3e78b8ba,LAC vs NO,51.79286251421591,fanduel,player_threes,Over,2.0,3.5
Paul George,SG/SF,LAC,NO,34.8634,71.9673,39.4665,24.31,3.24967,5.22667,1.104,4.12267,0.372667,1.87,3.133,2.718,10.051,5.441,8.79233,2.879,5.39933,4.791,SG/SF,True,0.0376667,0.0,,fd,10.1852,32.4,39.3,46.225,50.0,56.9,63.901,1700882251000,20231124,21a7eff3-7ca4-448b-9d73-f088e5476695,bf8b90ea-30f0-4ad0-a308-c5ba3e78b8ba,LAC vs NO,51.79286251421591,fanduel,player_threes,Under,1.78,3.5
Jordan Hawkins,SG,NO,LAC,23.3375,47.664,17.5998,10.1043,1.575,2.775,0.697,2.078,0.406333,0.515333,2.18067,0.962,3.69967,1.74767,4.733,1.79433,1.52633,1.226,SG,False,0.001,0.0,,fd,6.59699,12.7,17.3,21.9,24.4,28.9,34.602,1700882251000,20231124,21a7eff3-7ca4-448b-9d73-f088e5476695,bf8b90ea-30f0-4ad0-a308-c5ba3e78b8ba,NO vs LAC,52.64246081015859,fanduel,player_points,Over,1.98,9.5
Jordan Hawkins,SG,NO,LAC,23.3375,47.664,17.5998,10.1043,1.575,2.775,0.697,2.078,0.406333,0.515333,2.18067,0.962,3.69967,1.74767,4.733,1.79433,1.52633,1.226,SG,False,0.001,0.0,,fd,6.59699,12.7,17.3,21.9,24.4,28.9,34.602,1700882251000,20231124,21a7eff3-7ca4-448b-9d73-f088e5476695,bf8b90ea-30f0-4ad0-a308-c5ba3e78b8ba,NO vs LAC,52.64246081015859,fanduel,player_points,Under,1.83,9.5
Jordan Hawkins,SG,NO,LAC,23.3375,47.664,17.5998,10.1043,1.575,2.775,0.697,2.078,0.406333,0.515333,2.18067,0.962,3.69967,1.74767,4.733,1.79433,1.52633,1.226,SG,False,0.001,0.0,,fd,6.59699,12.7,17.3,21.9,24.4,28.9,34.602,1700882251000,20231124,21a7eff3-7ca4-448b-9d73-f088e5476695,bf8b90ea-30f0-4ad0-a308-c5ba3e78b8ba,NO vs LAC,52.64246081015859,fanduel,player_points_rebounds,Over,1.77,11.5
Jordan Hawkins,SG,NO,LAC,23.3375,47.664,17.5998,10.1043,1.575,2.775,0.697,2.078,0.406333,0.515333,2.18067,0.962,3.69967,1.74767,4.733,1.79433,1.52633,1.226,SG,False,0.001,0.0,,fd,6.59699,12.7,17.3,21.9,24.4,28.9,34.602,1700882251000,20231124,21a7eff3-7ca4-448b-9d73-f088e5476695,bf8b90ea-30f0-4ad0-a308-c5ba3e78b8ba,NO vs LAC,52.64246081015859,fanduel,player_points_rebounds,Under,2.02,11.5
Jordan Hawkins,SG,NO,LAC,23.3375,47.664,17.5998,10.1043,1.575,2.775,0.697,2.078,0.406333,0.515333,2.18067,0.962,3.69967,1.74767,4.733,1.79433,1.52633,1.226,SG,False,0.001,0.0,,fd,6.59699,12.7,17.3,21.9,24.4,28.9,34.602,1700882251000,20231124,21a7eff3-7ca4-448b-9d73-f088e5476695,bf8b90ea-30f0-4ad0-a308-c5ba3e78b8ba,NO vs LAC,52.64246081015859,fanduel,player_rebounds,Over,1.89,2.5
Jordan Hawkins,SG,NO,LAC,23.3375,47.664,17.5998,10.1043,1.575,2.775,0.697,2.078,0.406333,0.515333,2.18067,0.962,3.69967,1.74767,4.733,1.79433,1.52633,1.226,SG,False,0.001,0.0,,fd,6.59699,12.7,17.3,21.9,24.4,28.9,34.602,1700882251000,20231124,21a7eff3-7ca4-448b-9d73-f088e5476695,bf8b90ea-30f0-4ad0-a308-c5ba3e78b8ba,NO vs LAC,52.64246081015859,fanduel,player_rebounds,Under,1.93,2.5
Jordan Hawkins,SG,NO,LAC,23.3375,47.664,17.5998,10.1043,1.575,2.775,0.697,2.078,0.406333,0.515333,2.18067,0.962,3.69967,1.74767,4.733,1.79433,1.52633,1.226,SG,False,0.001,0.0,,fd,6.59699,12.7,17.3,21.9,24.4,28.9,34.602,1700882251000,20231124,21a7eff3-7ca4-448b-9d73-f088e5476695,bf8b90ea-30f0-4ad0-a308-c5ba3e78b8ba,NO vs LAC,52.64246081015859,fanduel,player_threes,Over,2.26,2.5
Jordan Hawkins,SG,NO,LAC,23.3375,47.664,17.5998,10.1043,1.575,2.775,0.697,2.078,0.406333,0.515333,2.18067,0.962,3.69967,1.74767,4.733,1.79433,1.52633,1.226,SG,False,0.001,0.0,,fd,6.59699,12.7,17.3,21.9,24.4,28.9,34.602,1700882251000,20231124,21a7eff3-7ca4-448b-9d73-f088e5476695,bf8b90ea-30f0-4ad0-a308-c5ba3e78b8ba,NO vs LAC,52.64246081015859,fanduel,player_threes,Under,1.62,2.5
Ivica Zubac,C,LAC,NO,27.9358,57.7653,26.7768,10.6187,0.829,8.28167,1.73633,6.54533,1.71067,0.353667,2.474,1.21633,6.51967,4.261,0.0916667,0.037,2.81267,1.98567,C,True,0.193333,0.0,,fd,7.6465,21.4,26.4,31.6,34.8,39.905,46.2,1700882251000,20231124,21a7eff3-7ca4-448b-9d73-f088e5476695,bf8b90ea-30f0-4ad0-a308-c5ba3e78b8ba,LAC vs NO,65.28936878982431,fanduel,player_blocks,Over,2.34,1.5
Ivica Zubac,C,LAC,NO,27.9358,57.7653,26.7768,10.6187,0.829,8.28167,1.73633,6.54533,1.71067,0.353667,2.474,1.21633,6.51967,4.261,0.0916667,0.037,2.81267,1.98567,C,True,0.193333,0.0,,fd,7.6465,21.4,26.4,31.6,34.8,39.905,46.2,1700882251000,20231124,21a7eff3-7ca4-448b-9d73-f088e5476695,bf8b90ea-30f0-4ad0-a308-c5ba3e78b8ba,LAC vs NO,65.28936878982431,fanduel,player_blocks,Under,1.58,1.5
Ivica Zubac,C,LAC,NO,27.9358,57.7653,26.7768,10.6187,0.829,8.28167,1.73633,6.54533,1.71067,0.353667,2.474,1.21633,6.51967,4.261,0.0916667,0.037,2.81267,1.98567,C,True,0.193333,0.0,,fd,7.6465,21.4,26.4,31.6,34.8,39.905,46.2,1700882251000,20231124,21a7eff3-7ca4-448b-9d73-f088e5476695,bf8b90ea-30f0-4ad0-a308-c5ba3e78b8ba,LAC vs NO,65.28936878982431,fanduel,player_points,Over,2.04,10.5
Ivica Zubac,C,LAC,NO,27.9358,57.7653,26.7768,10.6187,0.829,8.28167,1.73633,6.54533,1.71067,0.353667,2.474,1.21633,6.51967,4.261,0.0916667,0.037,2.81267,1.98567,C,True,0.193333,0.0,,fd,7.6465,21.4,26.4,31.6,34.8,39.905,46.2,1700882251000,20231124,21a7eff3-7ca4-448b-9d73-f088e5476695,bf8b90ea-30f0-4ad0-a308-c5ba3e78b8ba,LAC vs NO,65.28936878982431,fanduel,player_points,Under,1.78,10.5
Ivica Zubac,C,LAC,NO,27.9358,57.7653,26.7768,10.6187,0.829,8.28167,1.73633,6.54533,1.71067,0.353667,2.474,1.21633,6.51967,4.261,0.0916667,0.037,2.81267,1.98567,C,True,0.193333,0.0,,fd,7.6465,21.4,26.4,31.6,34.8,39.905,46.2,1700882251000,20231124,21a7eff3-7ca4-448b-9d73-f088e5476695,bf8b90ea-30f0-4ad0-a308-c5ba3e78b8ba,LAC vs NO,65.28936878982431,fanduel,player_points_rebounds,Over,1.88,18.5
Ivica Zubac,C,LAC,NO,27.9358,57.7653,26.7768,10.6187,0.829,8.28167,1.73633,6.54533,1.71067,0.353667,2.474,1.21633,6.51967,4.261,0.0916667,0.037,2.81267,1.98567,C,True,0.193333,0.0,,fd,7.6465,21.4,26.4,31.6,34.8,39.905,46.2,1700882251000,20231124,21a7eff3-7ca4-448b-9d73-f088e5476695,bf8b90ea-30f0-4ad0-a308-c5ba3e78b8ba,LAC vs NO,65.28936878982431,fanduel,player_points_rebounds,Under,1.88,18.5
Ivica Zubac,C,LAC,NO,27.9358,57.7653,26.7768,10.6187,0.829,8.28167,1.73633,6.54533,1.71067,0.353667,2.474,1.21633,6.51967,4.261,0.0916667,0.037,2.81267,1.98567,C,True,0.193333,0.0,,fd,7.6465,21.4,26.4,31.6,34.8,39.905,46.2,1700882251000,20231124,21a7eff3-7ca4-448b-9d73-f088e5476695,bf8b90ea-30f0-4ad0-a308-c5ba3e78b8ba,LAC vs NO,65.28936878982431,fanduel,player_rebounds,Over,2.06,8.5
Ivica Zubac,C,LAC,NO,27.9358,57.7653,26.7768,10.6187,0.829,8.28167,1.73633,6.54533,1.71067,0.353667,2.474,1.21633,6.51967,4.261,0.0916667,0.037,2.81267,1.98567,C,True,0.193333,0.0,,fd,7.6465,21.4,26.4,31.6,34.8,39.905,46.2,1700882251000,20231124,21a7eff3-7ca4-448b-9d73-f088e5476695,bf8b90ea-30f0-4ad0-a308-c5ba3e78b8ba,LAC vs NO,65.28936878982431,fanduel,player_rebounds,Under,1.77,8.5
Kawhi Leonard,SF/PF,LAC,NO,34.4658,71.1833,41.1288,24.7403,2.961,5.58633,1.18767,4.39867,0.605667,1.73267,3.14433,1.77167,12.0417,6.823,5.286,2.13367,5.387,4.69333,SF/PF,True,0.055,0.0,,fd,9.77965,34.5,41.1,47.5,51.3,57.3,64.601,1700882251000,20231124,21a7eff3-7ca4-448b-9d73-f088e5476695,bf8b90ea-30f0-4ad0-a308-c5ba3e78b8ba,LAC vs NO,57.84671364347259,fanduel,player_assists,Over,2.14,3.5
Kawhi Leonard,SF/PF,LAC,NO,34.4658,71.1833,41.1288,24.7403,2.961,5.58633,1.18767,4.39867,0.605667,1.73267,3.14433,1.77167,12.0417,6.823,5.286,2.13367,5.387,4.69333,SF/PF,True,0.055,0.0,,fd,9.77965,34.5,41.1,47.5,51.3,57.3,64.601,1700882251000,20231124,21a7eff3-7ca4-448b-9d73-f088e5476695,bf8b90ea-30f0-4ad0-a308-c5ba3e78b8ba,LAC vs NO,57.84671364347259,fanduel,player_assists,Under,1.71,3.5
Kawhi Leonard,SF/PF,LAC,NO,34.4658,71.1833,41.1288,24.7403,2.961,5.58633,1.18767,4.39867,0.605667,1.73267,3.14433,1.77167,12.0417,6.823,5.286,2.13367,5.387,4.69333,SF/PF,True,0.055,0.0,,fd,9.77965,34.5,41.1,47.5,51.3,57.3,64.601,1700882251000,20231124,21a7eff3-7ca4-448b-9d73-f088e5476695,bf8b90ea-30f0-4ad0-a308-c5ba3e78b8ba,LAC vs NO,57.84671364347259,fanduel,player_points,Over,1.88,23.5
Kawhi Leonard,SF/PF,LAC,NO,34.4658,71.1833,41.1288,24.7403,2.961,5.58633,1.18767,4.39867,0.605667,1.73267,3.14433,1.77167,12.0417,6.823,5.286,2.13367,5.387,4.69333,SF/PF,True,0.055,0.0,,fd,9.77965,34.5,41.1,47.5,51.3,57.3,64.601,1700882251000,20231124,21a7eff3-7ca4-448b-9d73-f088e5476695,bf8b90ea-30f0-4ad0-a308-c5ba3e78b8ba,LAC vs NO,57.84671364347259,fanduel,player_points,Under,1.94,23.5
Kawhi Leonard,SF/PF,LAC,NO,34.4658,71.1833,41.1288,24.7403,2.961,5.58633,1.18767,4.39867,0.605667,1.73267,3.14433,1.77167,12.0417,6.823,5.286,2.13367,5.387,4.69333,SF/PF,True,0.055,0.0,,fd,9.77965,34.5,41.1,47.5,51.3,57.3,64.601,1700882251000,20231124,21a7eff3-7ca4-448b-9d73-f088e5476695,bf8b90ea-30f0-4ad0-a308-c5ba3e78b8ba,LAC vs NO,57.84671364347259,fanduel,player_points_assists,Over,1.98,27.5
Kawhi Leonard,SF/PF,LAC,NO,34.4658,71.1833,41.1288,24.7403,2.961,5.58633,1.18767,4.39867,0.605667,1.73267,3.14433,1.77167,12.0417,6.823,5.286,2.13367,5.387,4.69333,SF/PF,True,0.055,0.0,,fd,9.77965,34.5,41.1,47.5,51.3,57.3,64.601,1700882251000,20231124,21a7eff3-7ca4-448b-9d73-f088e5476695,bf8b90ea-30f0-4ad0-a308-c5ba3e78b8ba,LAC vs NO,57.84671364347259,fanduel,player_points_assists,Under,1.8,27.5
Kawhi Leonard,SF/PF,LAC,NO,34.4658,71.1833,41.1288,24.7403,2.961,5.58633,1.18767,4.39867,0.605667,1.73267,3.14433,1.77167,12.0417,6.823,5.286,2.13367,5.387,4.69333,SF/PF,True,0.055,0.0,,fd,9.77965,34.5,41.1,47.5,51.3,57.3,64.601,1700882251000,20231124,21a7eff3-7ca4-448b-9d73-f088e5476695,bf8b90ea-30f0-4ad0-a308-c5ba3e78b8ba,LAC vs NO,57.84671364347259,fanduel,player_points_rebounds,Over,1.94,29.5
Kawhi Leonard,SF/PF,LAC,NO,34.4658,71.1833,41.1288,24.7403,2.961,5.58633,1.18767,4.39867,0.605667,1.73267,3.14433,1.77167,12.0417,6.823,5.286,2.13367,5.387,4.69333,SF/PF,True,0.055,0.0,,fd,9.77965,34.5,41.1,47.5,51.3,57.3,64.601,1700882251000,20231124,21a7eff3-7ca4-448b-9d73-f088e5476695,bf8b90ea-30f0-4ad0-a308-c5ba3e78b8ba,LAC vs NO,57.84671364347259,fanduel,player_points_rebounds,Under,1.83,29.5
Kawhi Leonard,SF/PF,LAC,NO,34.4658,71.1833,41.1288,24.7403,2.961,5.58633,1.18767,4.39867,0.605667,1.73267,3.14433,1.77167,12.0417,6.823,5.286,2.13367,5.387,4.69333,SF/PF,True,0.055,0.0,,fd,9.77965,34.5,41.1,47.5,51.3,57.3,64.601,1700882251000,20231124,21a7eff3-7ca4-448b-9d73-f088e5476695,bf8b90ea-30f0-4ad0-a308-c5ba3e78b8ba,LAC vs NO,57.84671364347259,fanduel,player_points_rebounds_assists,Over,1.87,32.5
Kawhi Leonard,SF/PF,LAC,NO,34.4658,71.1833,41.1288,24.7403,2.961,5.58633,1.18767,4.39867,0.605667,1.73267,3.14433,1.77167,12.0417,6.823,5.286,2.13367,5.387,4.69333,SF/PF,True,0.055,0.0,,fd,9.77965,34.5,41.1,47.5,51.3,57.3,64.601,1700882251000,20231124,21a7eff3-7ca4-448b-9d73-f088e5476695,bf8b90ea-30f0-4ad0-a308-c5ba3e78b8ba,LAC vs NO,57.84671364347259,fanduel,player_points_rebounds_assists,Under,1.9,32.5
Kawhi Leonard,SF/PF,LAC,NO,34.4658,71.1833,41.1288,24.7403,2.961,5.58633,1.18767,4.39867,0.605667,1.73267,3.14433,1.77167,12.0417,6.823,5.286,2.13367,5.387,4.69333,SF/PF,True,0.055,0.0,,fd,9.77965,34.5,41.1,47.5,51.3,57.3,64.601,1700882251000,20231124,21a7eff3-7ca4-448b-9d73-f088e5476695,bf8b90ea-30f0-4ad0-a308-c5ba3e78b8ba,LAC vs NO,57.84671364347259,fanduel,player_rebounds,Over,2.1,5.5
Kawhi Leonard,SF/PF,LAC,NO,34.4658,71.1833,41.1288,24.7403,2.961,5.58633,1.18767,4.39867,0.605667,1.73267,3.14433,1.77167,12.0417,6.823,5.286,2.13367,5.387,4.69333,SF/PF,True,0.055,0.0,,fd,9.77965,34.5,41.1,47.5,51.3,57.3,64.601,1700882251000,20231124,21a7eff3-7ca4-448b-9d73-f088e5476695,bf8b90ea-30f0-4ad0-a308-c5ba3e78b8ba,LAC vs NO,57.84671364347259,fanduel,player_rebounds,Under,1.75,5.5
Kawhi Leonard,SF/PF,LAC,NO,34.4658,71.1833,41.1288,24.7403,2.961,5.58633,1.18767,4.39867,0.605667,1.73267,3.14433,1.77167,12.0417,6.823,5.286,2.13367,5.387,4.69333,SF/PF,True,0.055,0.0,,fd,9.77965,34.5,41.1,47.5,51.3,57.3,64.601,1700882251000,20231124,21a7eff3-7ca4-448b-9d73-f088e5476695,bf8b90ea-30f0-4ad0-a308-c5ba3e78b8ba,LAC vs NO,57.84671364347259,fanduel,player_rebounds_assists,Over,1.83,8.5
Kawhi Leonard,SF/PF,LAC,NO,34.4658,71.1833,41.1288,24.7403,2.961,5.58633,1.18767,4.39867,0.605667,1.73267,3.14433,1.77167,12.0417,6.823,5.286,2.13367,5.387,4.69333,SF/PF,True,0.055,0.0,,fd,9.77965,34.5,41.1,47.5,51.3,57.3,64.601,1700882251000,20231124,21a7eff3-7ca4-448b-9d73-f088e5476695,bf8b90ea-30f0-4ad0-a308-c5ba3e78b8ba,LAC vs NO,57.84671364347259,fanduel,player_rebounds_assists,Under,1.94,8.5
Kawhi Leonard,SF/PF,LAC,NO,34.4658,71.1833,41.1288,24.7403,2.961,5.58633,1.18767,4.39867,0.605667,1.73267,3.14433,1.77167,12.0417,6.823,5.286,2.13367,5.387,4.69333,SF/PF,True,0.055,0.0,,fd,9.77965,34.5,41.1,47.5,51.3,57.3,64.601,1700882251000,20231124,21a7eff3-7ca4-448b-9d73-f088e5476695,bf8b90ea-30f0-4ad0-a308-c5ba3e78b8ba,LAC vs NO,57.84671364347259,fanduel,player_steals,Over,2.04,1.5
Kawhi Leonard,SF/PF,LAC,NO,34.4658,71.1833,41.1288,24.7403,2.961,5.58633,1.18767,4.39867,0.605667,1.73267,3.14433,1.77167,12.0417,6.823,5.286,2.13367,5.387,4.69333,SF/PF,True,0.055,0.0,,fd,9.77965,34.5,41.1,47.5,51.3,57.3,64.601,1700882251000,20231124,21a7eff3-7ca4-448b-9d73-f088e5476695,bf8b90ea-30f0-4ad0-a308-c5ba3e78b8ba,LAC vs NO,57.84671364347259,fanduel,player_steals,Under,1.76,1.5
Kawhi Leonard,SF/PF,LAC,NO,34.4658,71.1833,41.1288,24.7403,2.961,5.58633,1.18767,4.39867,0.605667,1.73267,3.14433,1.77167,12.0417,6.823,5.286,2.13367,5.387,4.69333,SF/PF,True,0.055,0.0,,fd,9.77965,34.5,41.1,47.5,51.3,57.3,64.601,1700882251000,20231124,21a7eff3-7ca4-448b-9d73-f088e5476695,bf8b90ea-30f0-4ad0-a308-c5ba3e78b8ba,LAC vs NO,57.84671364347259,fanduel,player_threes,Over,2.16,2.5
Kawhi Leonard,SF/PF,LAC,NO,34.4658,71.1833,41.1288,24.7403,2.961,5.58633,1.18767,4.39867,0.605667,1.73267,3.14433,1.77167,12.0417,6.823,5.286,2.13367,5.387,4.69333,SF/PF,True,0.055,0.0,,fd,9.77965,34.5,41.1,47.5,51.3,57.3,64.601,1700882251000,20231124,21a7eff3-7ca4-448b-9d73-f088e5476695,bf8b90ea-30f0-4ad0-a308-c5ba3e78b8ba,LAC vs NO,57.84671364347259,fanduel,player_threes,Under,1.68,2.5
