player_names,position,team,opp,minutes,possessions,fd_points,points,assists,rebounds,offensive_rebounds,defensive_rebounds,blocks,steals,fouls,turnovers,two_pt_attempts,two_pt_fg,three_pt_attempts,three_pt_fg,free_throw_attempts,free_throws_made,roster_pos,confirmed,double_doubles,triple_doubles,injury,site,fd_std,fd_25_percentile,fd_50_percentile,fd_75_percentile,fd_85_percentile,fd_95_percentile,fd_99_percentile,timestamp,date,slate_id,gid,matchup
Miles McBride,PG,NY,HOU,13.0555,25.4517,11.7502,6.13533,1.47367,0.947,0.231333,0.715667,0.221667,0.707333,1.053,0.519,1.997,1.03867,2.80367,1.08067,1.08367,0.816,PG,False,0.0,0.0,,fd,5.70162,7.7,11.2,15.225,17.7,21.9,26.601,1705486084000,20240117,0b598f24-b9c4-428b-84c1-e839ef6db536,04869ead-d327-4d73-9e11-cccaaa79e6bf,NY vs HOU
Jock Landale,C,HOU,NY,6.04624,11.8517,5.58703,2.29133,0.454333,1.641,0.418333,1.22267,0.190667,0.107,0.537333,0.248,1.31667,0.772667,0.404,0.123667,0.488667,0.375,C,False,0.0,0.0,,fd,3.69552,2.7,5.2,7.7,9.4,12.4,16.6,1705486084000,20240117,0b598f24-b9c4-428b-84c1-e839ef6db536,04869ead-d327-4d73-9e11-cccaaa79e6bf,HOU vs NY
Fred VanVleet,PG,HOU,NY,38.988,75.4003,34.6257,14.8247,8.11067,3.26033,0.792333,2.468,0.734,0.979333,3.15867,1.41733,5.41433,2.44567,7.20267,2.581,2.48867,2.19033,PG,False,0.234667,0.000666667,,fd,8.90913,28.5,34.3,40.325,43.9,49.9,56.0,1705486084000,20240117,0b598f24-b9c4-428b-84c1-e839ef6db536,04869ead-d327-4d73-9e11-cccaaa79e6bf,HOU vs NY
Quentin Grimes,SG/SF,NY,HOU,17.6333,34.4913,13.617,7.69633,1.469,1.53933,0.389333,1.15,0.152,0.655,1.39167,0.551,1.47967,0.835,4.538,1.69967,1.18933,0.927333,SG/SF,False,0.0,0.0,,fd,6.0266,9.2,13.2,17.4,20.0,24.4,29.6,1705486084000,20240117,0b598f24-b9c4-428b-84c1-e839ef6db536,04869ead-d327-4d73-9e11-cccaaa79e6bf,NY vs HOU
Precious Achiuwa,PF/C,NY,HOU,10.8693,21.2043,10.696,3.54967,0.894,3.37,0.856333,2.51367,0.313667,0.407667,0.866,0.402667,2.065,1.145,0.716333,0.234667,0.837,0.555667,PF/C,False,0.000666667,0.0,,fd,5.06387,7.1,10.2,13.6,15.9,19.905,24.204,1705486084000,20240117,0b598f24-b9c4-428b-84c1-e839ef6db536,04869ead-d327-4d73-9e11-cccaaa79e6bf,NY vs HOU
Amen Thompson,PG/SG,HOU,NY,17.8365,34.9407,16.1763,5.95067,2.206,3.60467,0.866,2.73867,0.216,0.953,1.516,0.916,3.27633,1.714,1.41067,0.441,1.629,1.19967,PG/SG,False,0.001,0.0,,fd,6.14783,11.7,15.75,20.2,22.7,26.705,32.201,1705486084000,20240117,0b598f24-b9c4-428b-84c1-e839ef6db536,04869ead-d327-4d73-9e11-cccaaa79e6bf,HOU vs NY
Jae'Sean Tate,SF/PF,HOU,NY,11.1681,21.8007,8.4869,3.184,0.979,2.147,0.508,1.639,0.116,0.441,0.954667,0.413,1.64933,0.936,0.815333,0.273667,0.672,0.491,SF/PF,False,0.0,0.0,,fd,4.60472,5.2,8.0,11.4,13.2,16.605,21.3,1705486084000,20240117,0b598f24-b9c4-428b-84c1-e839ef6db536,04869ead-d327-4d73-9e11-cccaaa79e6bf,HOU vs NY
Jabari Smith,PF,HOU,NY,33.1593,64.1397,27.9472,12.4143,1.36867,8.58433,2.071,6.51333,0.722667,0.702667,2.704,1.09733,6.00067,3.161,3.931,1.351,2.48933,2.03933,PF,False,0.253,0.0,,fd,7.94278,22.3,27.8,33.2,36.315,41.5,46.703,1705486084000,20240117,0b598f24-b9c4-428b-84c1-e839ef6db536,04869ead-d327-4d73-9e11-cccaaa79e6bf,HOU vs NY
Isaiah Hartenstein,PF/C,NY,HOU,35.7333,69.768,35.4474,8.54767,2.49133,11.3853,2.752,8.63333,1.83867,1.753,2.83133,1.27467,5.29,3.09567,0.629667,0.219333,2.45967,1.69833,PF/C,False,0.275667,0.0,,fd,8.92287,29.3,34.9,41.3,44.8,50.8,57.401,1705486084000,20240117,0b598f24-b9c4-428b-84c1-e839ef6db536,04869ead-d327-4d73-9e11-cccaaa79e6bf,NY vs HOU
Jalen Brunson,PG,NY,HOU,34.8837,67.7957,42.8193,27.714,6.138,3.68167,0.885333,2.79633,0.382667,0.815333,2.672,2.11367,13.5417,6.99233,7.07433,2.81233,6.325,5.29233,PG,False,0.0973333,0.000666667,Q,fd,9.68122,36.0,42.45,49.1,52.7,59.205,66.802,1705486084000,20240117,0b598f24-b9c4-428b-84c1-e839ef6db536,04869ead-d327-4d73-9e11-cccaaa79e6bf,NY vs HOU
Jalen Green,SG/PG,HOU,NY,30.2805,58.181,28.1488,17.534,2.63167,4.32633,1.09567,3.23067,0.374,0.701333,2.405,1.75033,7.90833,3.829,6.28133,2.18167,4.208,3.331,SG/PG,False,0.0106667,0.0,,fd,8.24284,22.3,27.8,33.5,36.6,42.0,49.603,1705486084000,20240117,0b598f24-b9c4-428b-84c1-e839ef6db536,04869ead-d327-4d73-9e11-cccaaa79e6bf,HOU vs NY
Jeff Green,SF,HOU,NY,13.3252,25.9813,9.30543,4.78267,0.786333,1.85133,0.461,1.39033,0.371667,0.143667,1.122,0.424333,2.189,1.33067,1.037,0.341,1.367,1.09833,SF,False,0.0,0.0,,fd,4.81093,5.7,8.8,12.2,14.4,18.1,22.401,1705486084000,20240117,0b598f24-b9c4-428b-84c1-e839ef6db536,04869ead-d327-4d73-9e11-cccaaa79e6bf,HOU vs NY
OG Anunoby,SF/SG,NY,HOU,37.475,72.9723,26.6592,14.3593,1.78633,4.262,1.04933,3.21267,0.738,1.20167,2.82367,1.313,5.93367,3.355,5.189,1.94833,2.34067,1.80433,SF/SG,False,0.0103333,0.0,,fd,8.2903,21.0,26.35,32.0,35.4,40.9,46.601,1705486084000,20240117,0b598f24-b9c4-428b-84c1-e839ef6db536,04869ead-d327-4d73-9e11-cccaaa79e6bf,NY vs HOU
Donte DiVincenzo,SG/SF,NY,HOU,26.899,52.305,24.1862,12.7667,2.30333,3.711,0.918,2.793,0.316667,1.30333,1.98233,1.34867,2.85533,1.51467,7.286,2.866,1.473,1.13933,SG/SF,False,0.003,0.0,,fd,7.78393,18.775,23.6,29.3,32.4,38.1,43.8,1705486084000,20240117,0b598f24-b9c4-428b-84c1-e839ef6db536,04869ead-d327-4d73-9e11-cccaaa79e6bf,NY vs HOU
Josh Hart,SG/SF,NY,HOU,28.8738,56.4047,21.5694,7.039,2.78367,6.43133,1.651,4.78033,0.323,0.877333,2.32767,0.963667,3.05133,1.74533,2.24367,0.791667,1.576,1.17333,SG/SF,False,0.0286667,0.0,Q,fd,6.5007,17.1,21.2,25.8,28.4,32.9,37.5,1705486084000,20240117,0b598f24-b9c4-428b-84c1-e839ef6db536,04869ead-d327-4d73-9e11-cccaaa79e6bf,NY vs HOU
Dillon Brooks,SG/SF,HOU,NY,30.2292,58.247,18.7209,10.5303,1.64667,3.04433,0.73,2.31433,0.239,0.796667,2.45933,1.03967,5.628,2.626,3.832,1.29867,1.74333,1.38233,SG/SF,False,0.001,0.0,,fd,6.87483,13.8,18.3,23.1,25.8,30.8,37.101,1705486084000,20240117,0b598f24-b9c4-428b-84c1-e839ef6db536,04869ead-d327-4d73-9e11-cccaaa79e6bf,HOU vs NY
Alperen Sengun,C,HOU,NY,32.0598,62.0397,43.2382,21.341,4.03567,9.80367,2.36733,7.43633,0.697,1.49333,2.65867,2.49167,13.8913,8.01333,1.57133,0.536333,5.15133,3.70533,C,False,0.518667,0.00333333,,fd,9.65736,36.8,43.1,49.4,52.815,59.605,66.702,1705486084000,20240117,0b598f24-b9c4-428b-84c1-e839ef6db536,04869ead-d327-4d73-9e11-cccaaa79e6bf,HOU vs NY
Cam Whitmore,SF,HOU,NY,22.0572,43.2023,22.3069,11.787,1.61533,4.41633,1.088,3.32833,0.228333,1.06267,1.839,1.07567,5.10833,2.89067,3.87767,1.39733,2.41333,1.81367,SF,False,0.0113333,0.0,,fd,7.20244,17.175,21.9,26.8,29.6,35.1,40.8,1705486084000,20240117,0b598f24-b9c4-428b-84c1-e839ef6db536,04869ead-d327-4d73-9e11-cccaaa79e6bf,HOU vs NY
Julius Randle,PF,NY,HOU,35.8022,69.7137,41.632,24.1307,4.34767,9.23733,2.261,6.97633,0.325,0.652,2.72833,3.036,12.8833,6.76267,5.543,1.76467,6.96867,5.31133,PF,False,0.45,0.00766667,,fd,9.85117,34.8,41.4,48.3,51.815,58.0,65.003,1705486084000,20240117,0b598f24-b9c4-428b-84c1-e839ef6db536,04869ead-d327-4d73-9e11-cccaaa79e6bf,NY vs HOU
Aaron Holiday,PG,HOU,NY,6.07494,11.8307,5.13117,2.71467,0.514333,0.716667,0.178,0.538667,0.0586667,0.311333,0.511,0.325,1.14933,0.536,1.12833,0.441667,0.397,0.317667,PG,False,0.0,0.0,,fd,3.79556,2.2,4.5,7.4,9.2,12.2,15.7,1705486084000,20240117,0b598f24-b9c4-428b-84c1-e839ef6db536,04869ead-d327-4d73-9e11-cccaaa79e6bf,HOU vs NY
Trent Forrest,SG,ATL,ORL,12.923,26.4713,10.0568,3.39133,2.06333,1.84067,0.469333,1.37133,0.116,0.548667,1.064,0.632333,2.305,1.20167,0.386667,0.13,0.768,0.598,SG,False,0.0,0.0,,fd,4.94972,6.7,9.7,13.2,15.1,18.805,23.501,1705485857000,20240117,0b598f24-b9c4-428b-84c1-e839ef6db536,12703a61-1650-4462-8ba6-c4c3a67a33f7,ATL vs ORL
Caleb Houstan,SF,ORL,ATL,28.7919,58.5363,20.4334,12.176,1.81467,2.957,0.723333,2.23367,0.237667,0.716667,2.47167,0.876,2.55033,1.42533,7.24667,2.73967,1.395,1.10633,SF,False,0.001,0.0,,fd,6.95302,15.4,20.1,25.1,27.8,31.905,37.3,1705485857000,20240117,0b598f24-b9c4-428b-84c1-e839ef6db536,12703a61-1650-4462-8ba6-c4c3a67a33f7,ORL vs ATL
Trae Young,PG,ATL,ORL,34.7026,71.0153,46.6539,29.1297,8.56533,2.856,0.716667,2.13933,0.397333,1.43767,2.724,4.256,12.798,6.34633,8.879,3.23333,7.59833,6.737,PG,False,0.359333,0.000333333,,fd,10.5955,39.4,46.5,54.1,57.6,64.7,71.101,1705485857000,20240117,0b598f24-b9c4-428b-84c1-e839ef6db536,12703a61-1650-4462-8ba6-c4c3a67a33f7,ATL vs ORL
Chuma Okeke,PF,ORL,ATL,22.2099,44.9087,17.7786,6.48133,1.73167,4.33067,1.08367,3.247,0.524667,0.843,1.84533,0.6,1.84833,0.999333,3.748,1.31633,0.705333,0.533667,PF,False,0.00333333,0.0,,fd,6.3162,13.1,17.3,21.8,24.5,28.8,34.002,1705485857000,20240117,0b598f24-b9c4-428b-84c1-e839ef6db536,12703a61-1650-4462-8ba6-c4c3a67a33f7,ORL vs ATL
Clint Capela,C,ATL,ORL,25.7641,52.7967,27.4205,9.71433,0.453333,9.56433,2.34467,7.21967,1.35067,0.728333,1.89733,0.688,6.839,4.15467,0.0133333,0.007,2.29533,1.384,C,False,0.239,0.0,,fd,7.37449,22.2,26.9,32.2,35.4,40.4,45.6,1705485857000,20240117,0b598f24-b9c4-428b-84c1-e839ef6db536,12703a61-1650-4462-8ba6-c4c3a67a33f7,ATL vs ORL
Bogdan Bogdanovic,SF/SG,ATL,ORL,26.0595,53.2817,25.6408,15.408,2.169,2.95667,0.749333,2.20733,0.214,1.28867,2.107,1.07667,4.61533,2.44767,7.58667,2.85233,2.328,1.95567,SF/SG,False,0.000333333,0.0,,fd,8.06331,19.9,25.2,31.0,33.9,39.805,46.2,1705485857000,20240117,0b598f24-b9c4-428b-84c1-e839ef6db536,12703a61-1650-4462-8ba6-c4c3a67a33f7,ATL vs ORL
Jalen Johnson,SF/PF,ATL,ORL,33.7047,69.1363,33.4851,13.41,2.981,8.748,2.20033,6.54767,0.752667,1.491,2.67933,1.625,7.07633,4.31833,2.48367,0.891333,2.78633,2.09933,SF/PF,False,0.290667,0.0,,fd,8.61709,27.5,33.05,39.2,42.6,48.105,54.602,1705485857000,20240117,0b598f24-b9c4-428b-84c1-e839ef6db536,12703a61-1650-4462-8ba6-c4c3a67a33f7,ATL vs ORL
Paolo Banchero,PF/SF,ORL,ATL,35.5559,72.2453,44.3873,27.4877,5.207,6.56233,1.666,4.89633,0.617,0.903,3.13967,3.34567,16.466,8.37333,4.118,1.48967,8.85867,6.272,PF/SF,False,0.154667,0.005,,fd,9.85163,37.6,44.3,51.1,54.815,60.7,66.507,1705485857000,20240117,0b598f24-b9c4-428b-84c1-e839ef6db536,12703a61-1650-4462-8ba6-c4c3a67a33f7,ORL vs ATL
Joe Ingles,SG/SF,ORL,ATL,17.4132,35.608,14.3838,5.48367,3.06067,2.11067,0.506,1.60467,0.105,0.763,1.51,0.827667,1.20833,0.704333,3.11,1.21767,0.53,0.422,SG/SF,False,0.000333333,0.0,,fd,5.89641,10.2,14.1,18.0,20.5,24.505,30.4,1705485857000,20240117,0b598f24-b9c4-428b-84c1-e839ef6db536,12703a61-1650-4462-8ba6-c4c3a67a33f7,ORL vs ATL
Goga Bitadze,C,ORL,ATL,27.5484,55.8783,29.6597,8.99133,2.05967,7.836,1.89,5.946,1.815,1.21033,2.37567,0.900333,5.47,3.61333,0.504667,0.17,1.83833,1.25467,C,False,0.115667,0.0,,fd,8.17918,23.8,29.6,34.9,38.0,43.7,50.202,1705485857000,20240117,0b598f24-b9c4-428b-84c1-e839ef6db536,12703a61-1650-4462-8ba6-c4c3a67a33f7,ORL vs ATL
Saddiq Bey,PF/SF,ATL,ORL,35.1259,71.754,23.7688,12.9353,1.18233,5.193,1.29667,3.89633,0.322333,0.872667,2.794,0.756667,4.47433,2.25633,5.40933,1.95933,3.03467,2.54467,PF/SF,False,0.0276667,0.0,,fd,7.4565,18.475,23.5,28.7,31.5,36.3,42.402,1705485857000,20240117,0b598f24-b9c4-428b-84c1-e839ef6db536,12703a61-1650-4462-8ba6-c4c3a67a33f7,ATL vs ORL
Onyeka Okongwu,C/PF,ATL,ORL,23.991,49.1563,23.1777,8.46733,1.142,6.62,1.67267,4.94733,1.18,0.758333,2.007,0.761667,4.419,2.89767,0.817667,0.304333,2.23767,1.759,C/PF,False,0.0493333,0.0,,fd,7.20702,18.2,22.8,27.8,30.3,35.6,41.8,1705485857000,20240117,0b598f24-b9c4-428b-84c1-e839ef6db536,12703a61-1650-4462-8ba6-c4c3a67a33f7,ATL vs ORL
Garrison Mathews,SF,ATL,ORL,12.8635,26.319,9.49597,4.7,0.665,1.56067,0.416667,1.144,0.209333,0.550333,1.08167,0.353333,0.617,0.372,2.74333,1.06167,0.963,0.771,SF,False,0.0,0.0,,fd,5.03324,5.9,9.0,12.5,14.7,18.7,22.8,1705485857000,20240117,0b598f24-b9c4-428b-84c1-e839ef6db536,12703a61-1650-4462-8ba6-c4c3a67a33f7,ATL vs ORL
Jonathan Isaac,SF/PF,ORL,ATL,15.1465,30.9857,19.8793,8.78567,0.504,4.423,1.07167,3.35133,0.953333,0.974667,1.30167,0.754,4.15,2.351,2.432,0.865667,1.948,1.48667,SF/PF,False,0.00966667,0.0,,fd,7.23888,14.775,19.4,24.2,27.4,32.8,38.901,1705485857000,20240117,0b598f24-b9c4-428b-84c1-e839ef6db536,12703a61-1650-4462-8ba6-c4c3a67a33f7,ORL vs ATL
Markelle Fultz,PG,ORL,ATL,22.8992,46.911,23.0126,9.87867,4.331,2.64867,0.624333,2.02433,0.312,1.316,2.01033,1.425,7.14533,3.97567,0.631,0.219667,1.67633,1.26833,PG,False,0.005,0.0,,fd,7.12339,17.9,22.7,27.7,30.4,35.3,40.8,1705485857000,20240117,0b598f24-b9c4-428b-84c1-e839ef6db536,12703a61-1650-4462-8ba6-c4c3a67a33f7,ORL vs ATL
Jalen Suggs,SG/PG,ORL,ATL,26.9477,54.7433,23.6704,12.4043,2.49033,3.34467,0.831333,2.51333,0.593333,1.10533,2.35,1.579,5.334,2.92033,4.47,1.64067,2.16367,1.64167,SG/PG,False,0.002,0.0,,fd,7.69916,18.3,23.2,28.6,31.815,37.2,43.404,1705485857000,20240117,0b598f24-b9c4-428b-84c1-e839ef6db536,12703a61-1650-4462-8ba6-c4c3a67a33f7,ORL vs ATL
Cole Anthony,PG/SG,ORL,ATL,24.7916,50.695,26.0227,14.5043,3.176,3.98867,0.942333,3.04633,0.415333,0.787667,2.24667,1.641,7.341,3.895,3.69833,1.331,3.17567,2.72133,PG/SG,False,0.00733333,0.0,,fd,7.59397,20.8,25.7,30.9,33.8,39.1,45.004,1705485857000,20240117,0b598f24-b9c4-428b-84c1-e839ef6db536,12703a61-1650-4462-8ba6-c4c3a67a33f7,ORL vs ATL
Dejounte Murray,SG/PG,ATL,ORL,35.8897,73.5043,36.8016,21.358,3.795,5.14533,1.285,3.86033,0.385333,1.466,2.77567,1.97733,11.9633,6.20233,5.33267,2.005,3.582,2.93833,SG/PG,False,0.045,0.000333333,,fd,9.22646,30.4,36.35,42.9,46.4,52.505,59.701,1705485857000,20240117,0b598f24-b9c4-428b-84c1-e839ef6db536,12703a61-1650-4462-8ba6-c4c3a67a33f7,ATL vs ORL
Wendell Carter,C,ORL,ATL,19.7199,40.4233,18.6378,8.653,1.187,5.468,1.28667,4.18133,0.421333,0.442333,1.711,0.948333,4.00133,2.52433,2.12233,0.783667,1.761,1.25333,C,False,0.022,0.0,,fd,6.37202,14.2,18.4,22.8,25.2,29.405,35.001,1705485857000,20240117,0b598f24-b9c4-428b-84c1-e839ef6db536,12703a61-1650-4462-8ba6-c4c3a67a33f7,ORL vs ATL
Malik Beasley,SF/SG,MIL,CLE,28.0512,56.498,18.3467,10.5477,0.815333,3.65867,0.648333,3.01033,0.318,0.635667,2.263,0.675333,2.08867,1.11,5.99467,2.59167,0.722333,0.552667,SF/SG,False,0.001,0.0,,fd,6.69003,13.5,18.1,22.6,25.4,29.9,35.1,1705485853000,20240117,0b598f24-b9c4-428b-84c1-e839ef6db536,14735727-6b39-428e-9d47-b1f3d546956f,MIL vs CLE
Isaac Okoro,SF/SG,CLE,MIL,28.5561,58.0797,19.2086,8.56067,2.09633,3.38033,0.862667,2.51767,0.411333,0.939,2.491,0.604,3.67767,2.028,2.71467,0.962667,2.14433,1.61667,SF/SG,False,0.000666667,0.0,,fd,6.51799,14.6,18.9,23.4,25.9,30.405,36.301,1705485853000,20240117,0b598f24-b9c4-428b-84c1-e839ef6db536,14735727-6b39-428e-9d47-b1f3d546956f,CLE vs MIL
Brook Lopez,C,MIL,CLE,32.9717,66.549,28.1647,12.44,1.48733,5.29833,1.00267,4.29567,2.02467,0.593667,2.58033,0.719333,4.694,3.028,4.007,1.55367,2.15867,1.723,C,False,0.0263333,0.0,,fd,8.30129,22.4,27.75,33.3,36.8,42.8,49.202,1705485853000,20240117,0b598f24-b9c4-428b-84c1-e839ef6db536,14735727-6b39-428e-9d47-b1f3d546956f,MIL vs CLE
Tristan Thompson,C,CLE,MIL,12.8403,25.7447,12.7171,4.11133,1.18733,4.304,1.17033,3.13367,0.395333,0.312667,1.10667,0.464,3.012,1.65233,0.165,0.061,1.104,0.623667,C,False,0.001,0.0,,fd,5.24228,9.0,12.3,16.1,18.2,22.2,26.003,1705485853000,20240117,0b598f24-b9c4-428b-84c1-e839ef6db536,14735727-6b39-428e-9d47-b1f3d546956f,CLE vs MIL
Georges Niang,PF,CLE,MIL,24.1457,48.2943,17.5352,9.20733,1.57167,3.957,1.06167,2.89533,0.216333,0.418667,2.06633,0.683,2.31367,1.229,5.30833,1.98467,0.981333,0.795333,PF,False,0.00333333,0.0,,fd,6.32605,13.1,17.1,21.6,24.015,28.5,34.0,1705485853000,20240117,0b598f24-b9c4-428b-84c1-e839ef6db536,14735727-6b39-428e-9d47-b1f3d546956f,CLE vs MIL
Cameron Payne,PG/SG,MIL,CLE,8.95558,17.8973,7.43413,4.093,1.006,1.06233,0.202333,0.86,0.105667,0.267667,0.767,0.562667,1.65867,0.842667,1.58633,0.646333,0.595,0.468667,PG/SG,False,0.0,0.0,,fd,4.55038,4.2,7.0,10.2,12.2,15.5,20.2,1705485853000,20240117,0b598f24-b9c4-428b-84c1-e839ef6db536,14735727-6b39-428e-9d47-b1f3d546956f,MIL vs CLE
Giannis Antetokounmpo,PF,MIL,CLE,36.7053,74.1723,61.4519,34.2857,6.029,13.0937,2.324,10.7697,0.803333,1.13633,2.92533,3.40867,18.9257,12.2947,1.723,0.588,12.475,7.93233,PF,False,0.862333,0.068,,fd,11.5621,54.0,61.1,69.1,73.315,80.6,89.101,1705485853000,20240117,0b598f24-b9c4-428b-84c1-e839ef6db536,14735727-6b39-428e-9d47-b1f3d546956f,MIL vs CLE
Dean Wade,PF/SF,CLE,MIL,22.1003,45.17,15.0071,4.85633,1.435,4.06967,1.03967,3.03,0.315667,0.822667,1.874,0.300333,1.22967,0.660667,2.923,1.037,0.562,0.424,PF/SF,False,0.000333333,0.0,,fd,5.76208,10.875,14.6,18.5,21.0,25.4,30.401,1705485853000,20240117,0b598f24-b9c4-428b-84c1-e839ef6db536,14735727-6b39-428e-9d47-b1f3d546956f,CLE vs MIL
Damian Lillard,PG,MIL,CLE,35.9013,72.33,36.3577,21.89,5.81533,3.93867,0.709333,3.22933,0.304333,0.739667,2.865,2.11367,7.201,4.08667,7.8,2.991,5.07133,4.74367,PG,False,0.076,0.0,,fd,9.16411,29.9,36.1,42.325,45.7,51.7,60.105,1705485853000,20240117,0b598f24-b9c4-428b-84c1-e839ef6db536,14735727-6b39-428e-9d47-b1f3d546956f,MIL vs CLE
Max Strus,SG/SF,CLE,MIL,35.5857,72.217,29.1187,13.468,3.98333,5.02167,1.34467,3.677,0.505667,1.02167,3.109,0.932333,3.263,1.70033,8.53533,2.97933,1.38533,1.12933,SG/SF,False,0.0273333,0.0,,fd,8.5153,23.1,28.8,34.6,37.9,43.7,51.3,1705485853000,20240117,0b598f24-b9c4-428b-84c1-e839ef6db536,14735727-6b39-428e-9d47-b1f3d546956f,CLE vs MIL
Bobby Portis,PF/C,MIL,CLE,20.9295,41.9957,21.6908,10.556,0.738667,6.17067,1.16067,5.01,0.502667,0.622,1.70633,0.752,5.41067,3.17367,2.56667,1.03933,1.42833,1.09067,PF/C,False,0.048,0.0,,fd,6.94823,16.8,21.3,26.1,28.8,33.605,40.201,1705485853000,20240117,0b598f24-b9c4-428b-84c1-e839ef6db536,14735727-6b39-428e-9d47-b1f3d546956f,MIL vs CLE
Caris LeVert,SG/SF,CLE,MIL,27.8919,55.8007,29.0341,15.9073,3.9,3.55067,0.927,2.62367,0.394,1.056,2.38967,1.334,8.09333,3.82167,5.32633,1.88933,3.54533,2.596,SG/SF,False,0.007,0.0,Q,fd,8.02666,23.5,28.7,34.3,37.2,42.6,50.1,1705485853000,20240117,0b598f24-b9c4-428b-84c1-e839ef6db536,14735727-6b39-428e-9d47-b1f3d546956f,CLE vs MIL
Pat Connaughton,SF/SG,MIL,CLE,21.0045,42.01,12.9105,4.83033,1.50967,3.60167,0.680667,2.921,0.221333,0.395,1.69567,0.355333,0.941333,0.607667,2.74433,1.07167,0.527,0.4,SF/SG,False,0.000333333,0.0,,fd,5.42372,9.0,12.5,16.4,18.5,22.6,27.2,1705485853000,20240117,0b598f24-b9c4-428b-84c1-e839ef6db536,14735727-6b39-428e-9d47-b1f3d546956f,MIL vs CLE
Jae Crowder,PF/SF,MIL,CLE,14.2976,28.5953,11.0902,4.26133,1.134,2.73933,0.511333,2.228,0.206667,0.513333,1.14233,0.319333,1.04167,0.600667,2.20033,0.859333,0.630333,0.482,PF/SF,False,0.0,0.0,,fd,5.2534,7.4,10.4,14.2,16.5,20.405,25.9,1705485853000,20240117,0b598f24-b9c4-428b-84c1-e839ef6db536,14735727-6b39-428e-9d47-b1f3d546956f,MIL vs CLE
Jarrett Allen,C/PF,CLE,MIL,32.4087,66.0107,39.6489,16.3707,3.40033,11.2503,2.89833,8.352,1.155,0.807667,2.70267,1.21067,10.7453,6.86733,0.0196667,0.0113333,3.578,2.602,C/PF,False,0.632,0.00166667,,fd,8.82794,33.7,39.5,45.4,48.7,54.7,61.301,1705485853000,20240117,0b598f24-b9c4-428b-84c1-e839ef6db536,14735727-6b39-428e-9d47-b1f3d546956f,CLE vs MIL
MarJon Beauchamp,SF,MIL,CLE,7.89747,15.8567,5.55453,2.64333,0.578,1.25433,0.236333,1.018,0.101,0.186667,0.667667,0.324,0.961333,0.569,0.917667,0.386333,0.458,0.346333,SF,False,0.0,0.0,,fd,3.83601,2.7,5.0,7.9,9.6,12.6,16.4,1705485853000,20240117,0b598f24-b9c4-428b-84c1-e839ef6db536,14735727-6b39-428e-9d47-b1f3d546956f,MIL vs CLE
Khris Middleton,SG/SF,MIL,CLE,34.228,68.9223,31.7133,15.3767,5.84767,4.25567,0.766667,3.489,0.439,1.06567,2.68,2.05567,7.01833,3.94267,4.54233,1.766,2.49733,2.19333,SG/SF,False,0.066,0.00133333,,fd,8.44594,25.9,31.5,37.3,40.4,46.2,52.301,1705485853000,20240117,0b598f24-b9c4-428b-84c1-e839ef6db536,14735727-6b39-428e-9d47-b1f3d546956f,MIL vs CLE
Donovan Mitchell,SG/PG,CLE,MIL,36.4928,74.119,53.3686,33.151,7.16067,4.91133,1.27067,3.64067,0.496,1.62867,3.149,2.791,15.2137,7.88167,11.2883,4.01633,6.16267,5.33867,SG/PG,False,0.208333,0.00566667,,fd,11.2918,45.8,53.2,60.9,64.715,72.2,79.602,1705485853000,20240117,0b598f24-b9c4-428b-84c1-e839ef6db536,14735727-6b39-428e-9d47-b1f3d546956f,CLE vs MIL
Sam Merrill,SG,CLE,MIL,20.9208,41.8257,18.7742,11.4657,1.80833,2.83533,0.776333,2.059,0.138333,0.439333,1.73667,0.539333,2.42633,1.203,6.87,2.65067,1.406,1.10767,SG,False,0.001,0.0,,fd,6.7597,13.975,18.3,23.1,25.815,30.3,36.201,1705485853000,20240117,0b598f24-b9c4-428b-84c1-e839ef6db536,14735727-6b39-428e-9d47-b1f3d546956f,CLE vs MIL
Pascal Siakam,PF/C,TOR,MIA,34.5302,67.2497,35.9625,21.8193,3.28733,6.14733,1.528,4.61933,0.521,0.739,2.88467,1.94467,11.689,6.65067,3.777,1.371,5.821,4.405,PF/C,False,0.091,0.0,,fd,8.96764,29.9,35.5,41.8,45.4,51.6,58.102,1705485816000,20240117,0b598f24-b9c4-428b-84c1-e839ef6db536,3da5175a-e1f8-4cb8-9944-24a32e2f91b7,TOR vs MIA
Tyler Herro,SG,MIA,TOR,34.5636,66.808,36.2013,22.9097,3.758,5.35967,1.11667,4.243,0.352667,0.773,2.76733,2.154,9.45033,5.08533,8.09333,3.337,3.079,2.728,SG,False,0.0496667,0.000666667,,fd,9.39113,29.6,35.9,42.3,46.0,52.3,59.604,1705485816000,20240117,0b598f24-b9c4-428b-84c1-e839ef6db536,3da5175a-e1f8-4cb8-9944-24a32e2f91b7,MIA vs TOR
Duncan Robinson,SG/SF,MIA,TOR,25.9927,50.2187,19.8552,11.069,2.957,2.43367,0.534667,1.899,0.202,0.570333,2.22333,0.886667,1.81633,1.12533,6.41433,2.64133,1.06,0.894333,SG/SF,False,0.000333333,0.0,,fd,6.80483,15.075,19.6,24.4,26.9,31.1,37.1,1705485816000,20240117,0b598f24-b9c4-428b-84c1-e839ef6db536,3da5175a-e1f8-4cb8-9944-24a32e2f91b7,MIA vs TOR
Jimmy Butler,SF/PF,MIA,TOR,33.3456,64.353,39.5386,21.8467,4.94433,5.34367,1.07733,4.26633,0.547333,1.21633,2.72667,1.428,12.3547,6.88333,1.60167,0.630667,7.188,6.188,SF/PF,False,0.072,0.00166667,,fd,9.55142,32.8,39.4,46.2,49.4,55.5,62.603,1705485816000,20240117,0b598f24-b9c4-428b-84c1-e839ef6db536,3da5175a-e1f8-4cb8-9944-24a32e2f91b7,MIA vs TOR
Caleb Martin,SF/PF,MIA,TOR,28.6919,55.457,24.0412,10.9157,2.53233,5.45,1.17933,4.27067,0.417333,0.879333,2.42433,1.103,4.75267,2.79233,3.24633,1.29567,1.872,1.444,SF/PF,False,0.0276667,0.0,,fd,7.32893,19.0,23.5,28.7,31.9,36.7,42.9,1705485816000,20240117,0b598f24-b9c4-428b-84c1-e839ef6db536,3da5175a-e1f8-4cb8-9944-24a32e2f91b7,MIA vs TOR
Gary Trent,SG,TOR,MIA,23.0805,44.5627,14.5858,9.57867,0.401333,1.994,0.514,1.48,0.126,0.694667,1.84367,0.449667,3.379,1.67167,4.25067,1.67233,1.507,1.21833,SG,False,0.0,0.0,Q,fd,6.01682,10.275,14.1,18.4,21.2,25.2,30.2,1705485816000,20240117,0b598f24-b9c4-428b-84c1-e839ef6db536,3da5175a-e1f8-4cb8-9944-24a32e2f91b7,TOR vs MIA
Nikola Jovic,PF,MIA,TOR,21.2179,40.8683,16.5111,6.82367,2.11533,3.74067,0.78,2.96067,0.377,0.518333,1.601,0.660333,2.49633,1.415,2.57867,1.027,1.18833,0.912667,PF,False,0.001,0.0,,fd,6.0289,12.2,16.0,20.3,22.7,27.4,32.401,1705485816000,20240117,0b598f24-b9c4-428b-84c1-e839ef6db536,3da5175a-e1f8-4cb8-9944-24a32e2f91b7,MIA vs TOR
Chris Boucher,C/PF,TOR,MIA,9.54477,18.5503,9.60917,4.21667,0.093,2.815,0.740667,2.07433,0.419,0.283333,0.804333,0.232,1.72733,1.08033,1.12233,0.405333,1.10967,0.84,C/PF,False,0.0,0.0,,fd,5.04718,5.875,9.0,12.725,15.0,18.8,22.901,1705485816000,20240117,0b598f24-b9c4-428b-84c1-e839ef6db536,3da5175a-e1f8-4cb8-9944-24a32e2f91b7,TOR vs MIA
Jontay Porter,C,TOR,MIA,23.9169,46.5467,19.7159,7.26567,1.883,5.152,1.24867,3.90333,0.785667,0.634667,2.037,0.817667,3.18,1.79133,2.60167,0.929333,1.14567,0.895,C,False,0.011,0.0,,fd,6.69998,15.0,19.4,24.0,26.7,31.5,36.501,1705485816000,20240117,0b598f24-b9c4-428b-84c1-e839ef6db536,3da5175a-e1f8-4cb8-9944-24a32e2f91b7,TOR vs MIA
Haywood Highsmith,PF/SF,MIA,TOR,13.8586,26.8457,10.7425,4.36167,1.25533,2.08433,0.442333,1.642,0.297333,0.538667,1.153,0.511333,1.49367,0.878333,1.831,0.734,0.572,0.403,PF/SF,False,0.0,0.0,,fd,5.18787,7.2,10.3,14.0,16.2,19.9,25.202,1705485816000,20240117,0b598f24-b9c4-428b-84c1-e839ef6db536,3da5175a-e1f8-4cb8-9944-24a32e2f91b7,MIA vs TOR
Josh Richardson,SF/SG,MIA,TOR,23.0553,44.5837,16.8821,8.006,2.73133,2.429,0.529333,1.89967,0.307,0.590667,1.93567,0.828667,2.94067,1.63167,3.27567,1.28567,1.025,0.885667,SF/SG,False,0.0,0.0,,fd,6.21227,12.6,16.5,20.8,23.2,27.8,33.1,1705485816000,20240117,0b598f24-b9c4-428b-84c1-e839ef6db536,3da5175a-e1f8-4cb8-9944-24a32e2f91b7,MIA vs TOR
Kyle Lowry,PG,MIA,TOR,24.6451,47.4793,17.1389,6.16067,3.439,2.70367,0.581333,2.12233,0.405333,0.727333,1.93033,0.822667,1.607,0.916667,2.83933,1.18367,0.922,0.776333,PG,False,0.000333333,0.0,,fd,6.32692,12.6,16.8,21.2,23.5,28.005,33.8,1705485816000,20240117,0b598f24-b9c4-428b-84c1-e839ef6db536,3da5175a-e1f8-4cb8-9944-24a32e2f91b7,MIA vs TOR
Immanuel Quickley,PG/SG,TOR,MIA,32.5453,63.302,31.6248,18.3053,4.431,3.80833,0.979,2.82933,0.217333,0.931333,2.83567,1.343,6.36433,3.36133,7.022,2.762,3.92333,3.29667,PG/SG,False,0.021,0.000333333,,fd,8.66095,25.4,31.3,37.5,40.715,46.0,52.101,1705485816000,20240117,0b598f24-b9c4-428b-84c1-e839ef6db536,3da5175a-e1f8-4cb8-9944-24a32e2f91b7,TOR vs MIA
Dennis Schroder,PG,TOR,MIA,27.9448,54.023,22.4439,10.598,5.02533,2.446,0.624333,1.82167,0.126,0.770333,2.13933,1.31633,5.11467,2.64133,3.15367,1.13167,2.27467,1.92033,PG,False,0.016,0.0,,fd,6.70062,17.9,22.4,26.7,29.2,33.8,39.301,1705485816000,20240117,0b598f24-b9c4-428b-84c1-e839ef6db536,3da5175a-e1f8-4cb8-9944-24a32e2f91b7,TOR vs MIA
Scottie Barnes,PF/SF,TOR,MIA,34.6671,67.5347,40.0158,18.7443,4.71033,7.233,1.794,5.439,1.35967,1.17933,2.89967,2.09067,9.27933,5.13633,4.94067,1.84433,3.945,2.93867,PF/SF,False,0.197333,0.00633333,,fd,9.54557,33.5,39.7,46.0,49.5,56.1,64.402,1705485816000,20240117,0b598f24-b9c4-428b-84c1-e839ef6db536,3da5175a-e1f8-4cb8-9944-24a32e2f91b7,TOR vs MIA
Thaddeus Young,PF,TOR,MIA,19.7954,38.3487,17.8384,6.002,2.079,4.27967,1.10867,3.171,0.338333,1.15567,1.64433,0.899667,3.86433,2.28533,0.750667,0.263333,0.988333,0.641333,PF,False,0.004,0.0,,fd,6.48293,13.3,17.4,22.0,24.7,29.3,34.104,1705485816000,20240117,0b598f24-b9c4-428b-84c1-e839ef6db536,3da5175a-e1f8-4cb8-9944-24a32e2f91b7,TOR vs MIA
Bam Adebayo,C,MIA,TOR,35.6556,68.9347,45.7529,22.835,4.18567,11.0837,2.29367,8.79,1.069,0.787667,2.858,2.231,15.3677,8.73967,0.270667,0.103667,6.43033,5.04467,C,False,0.665,0.005,,fd,9.83512,39.2,45.3,52.2,55.915,62.1,69.401,1705485816000,20240117,0b598f24-b9c4-428b-84c1-e839ef6db536,3da5175a-e1f8-4cb8-9944-24a32e2f91b7,MIA vs TOR
RJ Barrett,SF,TOR,MIA,35.0013,67.8873,29.7676,16.0837,2.72767,7.06867,1.80067,5.268,0.411,0.534667,2.943,1.727,8.133,4.268,3.86267,1.38167,4.48,3.40267,SF,False,0.157,0.0,,fd,8.10371,24.0,29.5,35.2,38.2,43.4,49.702,1705485816000,20240117,0b598f24-b9c4-428b-84c1-e839ef6db536,3da5175a-e1f8-4cb8-9944-24a32e2f91b7,TOR vs MIA
Dyson Daniels,PG,NO,CHA,15.3068,29.7023,13.4532,3.98833,2.27967,2.70167,0.563333,2.13833,0.212,0.893667,1.12,0.513667,1.71533,1.00033,1.304,0.493667,0.692,0.506667,PG,False,0.0,0.0,,fd,5.5996,9.4,13.0,17.1,19.3,23.2,28.001,1705485823000,20240117,0b598f24-b9c4-428b-84c1-e839ef6db536,89eb6ce5-0e2f-4553-89ec-e8269c2072a3,NO vs CHA
Jonas Valanciunas,C,NO,CHA,26.9293,53.1827,31.1664,14.0693,2.044,9.027,1.79267,7.23433,0.792333,0.695667,1.919,1.26533,7.89067,5.13167,1.379,0.556333,2.69233,2.137,C,False,0.328667,0.0,,fd,7.95514,25.5,30.7,36.3,39.6,44.905,51.4,1705485823000,20240117,0b598f24-b9c4-428b-84c1-e839ef6db536,89eb6ce5-0e2f-4553-89ec-e8269c2072a3,NO vs CHA
Brandon Ingram,SF/PF,NO,CHA,33.9966,66.8433,36.3251,19.3697,6.32367,4.08467,0.820333,3.26433,0.635667,0.813667,2.43633,1.77967,11.1147,6.25333,2.77533,1.10833,4.167,3.538,SF/PF,False,0.100667,0.001,,fd,8.75162,30.2,36.0,42.3,45.4,50.8,57.501,1705485823000,20240117,0b598f24-b9c4-428b-84c1-e839ef6db536,89eb6ce5-0e2f-4553-89ec-e8269c2072a3,NO vs CHA
Larry Nance,PF/C,NO,CHA,22.9407,44.6063,22.4041,7.53933,1.92967,6.23967,1.333,4.90667,0.621,1.14433,1.69133,0.813333,3.93667,2.58567,1.26467,0.505333,1.17867,0.852,PF/C,False,0.0316667,0.0,,fd,6.90595,17.5,22.1,27.1,29.715,34.1,39.205,1705485823000,20240117,0b598f24-b9c4-428b-84c1-e839ef6db536,89eb6ce5-0e2f-4553-89ec-e8269c2072a3,NO vs CHA
Zion Williamson,PF,NO,CHA,30.702,60.687,39.2934,23.8573,4.50833,5.72967,1.158,4.57167,0.543667,0.819,2.24833,2.29,14.149,9.21033,0.166667,0.0756667,7.62367,5.20967,PF,False,0.076,0.00166667,,fd,8.85612,33.1,38.9,45.225,48.6,54.4,60.3,1705485823000,20240117,0b598f24-b9c4-428b-84c1-e839ef6db536,89eb6ce5-0e2f-4553-89ec-e8269c2072a3,NO vs CHA
Jordan Hawkins,SG,NO,CHA,13.2044,25.5633,11.7509,6.88467,1.56933,1.55967,0.339667,1.22,0.124,0.237333,0.966667,0.443333,2.088,1.15867,3.08167,1.26833,0.958667,0.762333,SG,False,0.0,0.0,,fd,5.4267,7.9,11.2,15.2,17.4,21.4,25.701,1705485823000,20240117,0b598f24-b9c4-428b-84c1-e839ef6db536,89eb6ce5-0e2f-4553-89ec-e8269c2072a3,NO vs CHA
Terry Rozier,SG/PG,CHA,NO,33.5145,65.4693,33.0425,19.78,5.16533,2.934,0.828,2.106,0.425333,0.808333,2.727,1.70733,8.46367,4.469,7.53033,2.66167,3.39367,2.857,SG/PG,False,0.0323333,0.0,,fd,8.67574,27.3,32.9,38.6,42.0,47.8,54.9,1705485823000,20240117,0b598f24-b9c4-428b-84c1-e839ef6db536,89eb6ce5-0e2f-4553-89ec-e8269c2072a3,CHA vs NO
Miles Bridges,SF,CHA,NO,33.6498,65.8417,33.4473,19.7847,2.67867,6.14967,1.72633,4.42333,0.624667,0.793,2.73667,1.988,8.584,5.01267,6.09533,2.193,3.885,3.18033,SF,False,0.0936667,0.0,,fd,8.90012,27.2,32.9,39.1,42.6,48.6,56.1,1705485823000,20240117,0b598f24-b9c4-428b-84c1-e839ef6db536,89eb6ce5-0e2f-4553-89ec-e8269c2072a3,CHA vs NO
Cody Martin,SG/PG,CHA,NO,24.1793,46.9253,18.1507,7.45567,2.12133,3.437,0.945333,2.49167,0.402667,1.03067,1.85033,0.911333,3.59033,1.97867,2.36433,0.797333,1.60833,1.10633,SG/PG,False,0.000333333,0.0,,fd,6.54577,13.6,17.7,22.4,25.0,29.2,35.204,1705485823000,20240117,0b598f24-b9c4-428b-84c1-e839ef6db536,89eb6ce5-0e2f-4553-89ec-e8269c2072a3,CHA vs NO
Nick Richards,C,CHA,NO,29.749,58.1917,24.7191,7.92833,1.75333,7.707,2.11067,5.59633,1.33467,0.536333,2.456,0.700667,4.46867,2.92867,0.327667,0.12,2.28533,1.711,C,False,0.0903333,0.0,,fd,7.36919,19.6,24.3,29.425,32.4,37.7,43.006,1705485823000,20240117,0b598f24-b9c4-428b-84c1-e839ef6db536,89eb6ce5-0e2f-4553-89ec-e8269c2072a3,CHA vs NO
Naji Marshall,PF/SF,NO,CHA,10.8526,20.979,11.2341,4.97367,1.668,2.07233,0.449333,1.623,0.113333,0.51,0.848667,0.598333,2.17167,1.25533,1.32067,0.515,1.157,0.918,PF/SF,False,0.0,0.0,,fd,5.32301,7.4,10.7,14.5,16.7,20.9,25.9,1705485823000,20240117,0b598f24-b9c4-428b-84c1-e839ef6db536,89eb6ce5-0e2f-4553-89ec-e8269c2072a3,NO vs CHA
Nathan Mensah,C,CHA,NO,15.1873,29.4553,13.7922,3.83367,1.808,3.801,1.02867,2.77233,0.621667,0.420667,1.19867,0.441667,2.104,1.16833,0.686333,0.238333,1.022,0.782,C,False,0.0,0.0,,fd,5.58925,9.8,13.3,17.3,19.6,23.705,28.4,1705485823000,20240117,0b598f24-b9c4-428b-84c1-e839ef6db536,89eb6ce5-0e2f-4553-89ec-e8269c2072a3,CHA vs NO
LaMelo Ball,PG,CHA,NO,33.5941,65.7383,40.2737,21.7253,6.93667,5.48667,1.57567,3.911,0.388333,1.26533,2.75567,3.40167,8.69267,4.30833,9.05233,3.365,3.58833,3.01367,PG,False,0.199667,0.00933333,,fd,9.76551,33.5,39.8,46.8,50.5,56.91,65.5,1705485823000,20240117,0b598f24-b9c4-428b-84c1-e839ef6db536,89eb6ce5-0e2f-4553-89ec-e8269c2072a3,CHA vs NO
Trey Murphy,SF,NO,CHA,23.9326,46.521,23.0879,12.541,1.95067,3.12633,0.679,2.44733,0.513667,0.957,1.871,0.542667,2.91,1.822,5.571,2.40567,1.95467,1.68,SF,False,0.00133333,0.0,,fd,7.57639,17.7,22.4,27.9,31.1,36.605,43.8,1705485823000,20240117,0b598f24-b9c4-428b-84c1-e839ef6db536,89eb6ce5-0e2f-4553-89ec-e8269c2072a3,NO vs CHA
CJ McCollum,PG/SG,NO,CHA,33.0802,65.0863,33.9049,18.6517,4.62267,3.72267,0.746667,2.976,0.510333,1.251,2.39233,1.432,7.753,4.23333,6.29167,2.73467,2.653,1.981,PG/SG,False,0.0223333,0.0,,fd,8.95399,27.9,33.6,39.8,43.3,49.2,55.8,1705485823000,20240117,0b598f24-b9c4-428b-84c1-e839ef6db536,89eb6ce5-0e2f-4553-89ec-e8269c2072a3,NO vs CHA
Brandon Miller,SF,CHA,NO,33.0047,64.259,23.4313,13.5893,2.35367,3.79567,1.04367,2.752,0.437667,0.655333,2.74067,1.52233,6.43333,3.116,5.26033,1.87,2.225,1.74733,SF,False,0.00566667,0.0,Q,fd,7.65074,18.1,23.1,28.325,31.3,36.4,42.901,1705485823000,20240117,0b598f24-b9c4-428b-84c1-e839ef6db536,89eb6ce5-0e2f-4553-89ec-e8269c2072a3,CHA vs NO
Herbert Jones,SG/SF,NO,CHA,29.9803,59.0637,20.9039,9.261,2.40867,3.17133,0.631,2.54033,0.704667,0.988333,2.10067,0.854667,3.97633,2.33967,2.526,1.02433,1.89067,1.50867,SG/SF,False,0.000666667,0.0,,fd,7.11824,15.9,20.4,25.4,28.0,33.6,40.1,1705485823000,20240117,0b598f24-b9c4-428b-84c1-e839ef6db536,89eb6ce5-0e2f-4553-89ec-e8269c2072a3,NO vs CHA
P.J. Washington,PF/C,CHA,NO,26.0942,50.6533,22.5101,10.2427,2.019,4.78467,1.321,3.46367,0.79,0.730667,2.03367,1.06467,4.13733,2.30933,4.118,1.43067,1.80733,1.332,PF/C,False,0.0133333,0.0,,fd,7.16454,17.4,22.1,27.2,30.2,34.905,40.701,1705485823000,20240117,0b598f24-b9c4-428b-84c1-e839ef6db536,89eb6ce5-0e2f-4553-89ec-e8269c2072a3,CHA vs NO
Nick Smith,PG/SG,CHA,NO,11.9525,23.1693,10.0077,4.95733,1.55467,1.71033,0.489,1.22133,0.204333,0.231333,0.932333,0.641,2.09233,1.056,2.00033,0.765667,0.698667,0.548333,PG/SG,False,0.0,0.0,,fd,4.99727,6.5,9.6,13.0,15.2,18.905,23.401,1705485823000,20240117,0b598f24-b9c4-428b-84c1-e839ef6db536,89eb6ce5-0e2f-4553-89ec-e8269c2072a3,CHA vs NO
Derrick White,PG/SG,BOS,SA,36.1099,73.709,37.045,17.3393,5.78433,4.334,0.751667,3.58233,1.15333,1.22833,2.464,1.31667,5.293,3.191,6.53233,2.83133,2.78867,2.46333,PG/SG,False,0.073,0.000666667,Q,fd,9.42821,30.5,36.6,42.925,46.7,53.105,60.901,1705485984000,20240117,0b598f24-b9c4-428b-84c1-e839ef6db536,8f5d9d88-b621-4ff2-9653-5f13965cec29,BOS vs SA
Devin Vassell,SG,SA,BOS,34.1163,69.227,30.6564,17.0443,3.375,3.67433,0.974667,2.69967,0.388333,1.33533,2.47,1.03067,7.94333,3.91267,6.70367,2.429,2.428,1.932,SG,False,0.00766667,0.000333333,,fd,8.42065,24.7,30.2,36.1,39.3,45.5,52.702,1705485984000,20240117,0b598f24-b9c4-428b-84c1-e839ef6db536,8f5d9d88-b621-4ff2-9653-5f13965cec29,SA vs BOS
Dominick Barlow,PF,SA,BOS,19.9662,40.328,19.2497,6.351,1.82967,5.09767,1.41067,3.687,0.775,0.753333,1.39933,0.548,4.537,2.38433,0.542333,0.175,1.41633,1.05733,PF,False,0.0113333,0.0,Q,fd,6.56735,14.575,18.8,23.5,26.0,30.9,37.002,1705485984000,20240117,0b598f24-b9c4-428b-84c1-e839ef6db536,8f5d9d88-b621-4ff2-9653-5f13965cec29,SA vs BOS
Jrue Holiday,PG,BOS,SA,34.2534,70.1533,32.9205,14.0223,5.43667,6.04233,1.07767,4.96467,0.633,1.087,2.262,1.66767,6.08933,3.529,4.39867,1.877,1.653,1.33333,PG,False,0.101333,0.00233333,Q,fd,8.4441,27.0,32.5,38.4,41.7,47.305,53.801,1705485984000,20240117,0b598f24-b9c4-428b-84c1-e839ef6db536,8f5d9d88-b621-4ff2-9653-5f13965cec29,BOS vs SA
Jeremy Sochan,PG/PF,SA,BOS,30.913,62.787,27.4015,12.2747,3.61067,6.26733,1.66567,4.60167,0.485,0.723667,2.32733,1.436,8.261,4.001,2.51267,0.848,2.26967,1.72867,PG/PF,False,0.0806667,0.0,,fd,7.77014,22.1,26.95,32.6,35.5,40.7,47.201,1705485984000,20240117,0b598f24-b9c4-428b-84c1-e839ef6db536,8f5d9d88-b621-4ff2-9653-5f13965cec29,SA vs BOS
Keldon Johnson,PF/SF,SA,BOS,28.8091,58.105,29.7686,16.586,2.918,6.188,1.703,4.485,0.21,0.667,2.02033,1.251,8.416,4.23833,4.835,1.665,4.10133,3.11433,PF/SF,False,0.084,0.000333333,,fd,7.71893,24.5,29.35,34.6,37.7,42.905,48.801,1705485984000,20240117,0b598f24-b9c4-428b-84c1-e839ef6db536,8f5d9d88-b621-4ff2-9653-5f13965cec29,SA vs BOS
Sam Hauser,SF,BOS,SA,22.903,46.2057,17.1969,8.40633,1.41,3.72767,0.715,3.01267,0.336,0.527667,1.68833,0.388667,1.032,0.653667,5.101,2.23867,0.463667,0.383,SF,False,0.002,0.0,,fd,6.57352,12.5,16.7,21.2,24.115,28.9,33.901,1705485984000,20240117,0b598f24-b9c4-428b-84c1-e839ef6db536,8f5d9d88-b621-4ff2-9653-5f13965cec29,BOS vs SA
Julian Champagnie,SF,SA,BOS,23.1837,47.101,18.4135,8.50033,1.84467,3.13233,0.818667,2.31367,0.597333,0.782,1.673,0.750667,2.45333,1.23567,4.47467,1.67933,1.22967,0.991,SF,False,0.001,0.0,,fd,6.70847,13.8,18.0,22.7,25.2,30.305,35.601,1705485984000,20240117,0b598f24-b9c4-428b-84c1-e839ef6db536,8f5d9d88-b621-4ff2-9653-5f13965cec29,SA vs BOS
Al Horford,C,BOS,SA,25.0675,50.6823,22.6805,6.616,2.96933,6.266,1.16433,5.10167,0.985667,0.528333,1.74033,0.450667,1.76167,1.1,3.07267,1.342,0.499333,0.39,C,False,0.024,0.0,,fd,6.955,17.7,22.1,26.9,29.8,35.2,41.601,1705485984000,20240117,0b598f24-b9c4-428b-84c1-e839ef6db536,8f5d9d88-b621-4ff2-9653-5f13965cec29,BOS vs SA
Kristaps Porzingis,PF/C,BOS,SA,32.5798,66.5587,39.2982,19.631,2.133,7.8,1.37033,6.42967,1.853,0.934667,2.22433,1.25533,8.23633,5.156,4.70667,1.868,4.35,3.715,PF/C,False,0.24,0.0,Q,fd,9.45951,32.8,38.9,45.4,49.1,55.5,62.1,1705485984000,20240117,0b598f24-b9c4-428b-84c1-e839ef6db536,8f5d9d88-b621-4ff2-9653-5f13965cec29,BOS vs SA
Doug McDermott,PF/SF,SA,BOS,7.98782,16.1487,6.209,3.35767,0.7,1.22,0.330333,0.889667,0.0703333,0.111667,0.553667,0.208667,1.04867,0.532333,1.70567,0.667333,0.387333,0.291,PF/SF,False,0.0,0.0,,fd,3.96018,3.2,5.7,8.5,10.3,13.4,17.8,1705485984000,20240117,0b598f24-b9c4-428b-84c1-e839ef6db536,8f5d9d88-b621-4ff2-9653-5f13965cec29,SA vs BOS
Tre Jones,PG,SA,BOS,33.042,67.174,26.5694,10.4097,6.74933,3.05533,0.795333,2.26,0.27,0.889,2.41767,1.10767,6.997,3.64167,1.82067,0.598333,1.58367,1.33133,PG,False,0.0883333,0.000333333,,fd,7.66013,21.2,26.3,31.5,34.6,39.805,45.302,1705485984000,20240117,0b598f24-b9c4-428b-84c1-e839ef6db536,8f5d9d88-b621-4ff2-9653-5f13965cec29,SA vs BOS
Payton Pritchard,PG,BOS,SA,18.2357,36.6633,16.3509,7.94567,2.657,2.80533,0.543333,2.262,0.122,0.425,1.366,0.587667,1.991,1.202,3.93133,1.67367,0.675667,0.520667,PG,False,0.000333333,0.0,,fd,6.18099,11.9,15.8,20.2,22.9,27.1,32.101,1705485984000,20240117,0b598f24-b9c4-428b-84c1-e839ef6db536,8f5d9d88-b621-4ff2-9653-5f13965cec29,BOS vs SA
Victor Wembanyama,PF/C,SA,BOS,27.987,56.8677,44.133,22.116,2.84767,10.601,2.722,7.879,1.74533,0.78,2.01733,2.55167,13.0493,6.73167,4.984,1.66033,4.64633,3.67167,PF/C,False,0.611667,0.000333333,,fd,10.2108,37.1,43.5,50.6,54.615,61.9,69.1,1705485984000,20240117,0b598f24-b9c4-428b-84c1-e839ef6db536,8f5d9d88-b621-4ff2-9653-5f13965cec29,SA vs BOS
Jayson Tatum,PF/SF,BOS,SA,36.3751,74.2793,47.8441,27.7773,5.00933,7.937,1.414,6.523,0.632333,1.141,2.435,2.29167,11.362,6.82733,7.81733,3.094,5.72633,4.84067,PF/SF,False,0.296,0.009,,fd,10.1791,40.7,47.3,54.325,58.5,65.4,73.3,1705485984000,20240117,0b598f24-b9c4-428b-84c1-e839ef6db536,8f5d9d88-b621-4ff2-9653-5f13965cec29,BOS vs SA
Blake Wesley,SG,SA,BOS,11.0366,22.3,10.1315,3.96367,2.02,1.764,0.483,1.281,0.126667,0.445667,0.768667,0.696,2.64533,1.197,0.919333,0.323667,0.853333,0.598667,SG,False,0.0,0.0,,fd,4.92661,6.6,9.8,13.2,15.2,19.105,23.4,1705485984000,20240117,0b598f24-b9c4-428b-84c1-e839ef6db536,8f5d9d88-b621-4ff2-9653-5f13965cec29,SA vs BOS
Jaylen Brown,SF/SG,BOS,SA,35.2155,72.0533,39.6372,24.7047,3.201,5.64333,0.998333,4.645,0.640667,1.21733,2.40267,2.215,11.4843,7.20967,5.77767,2.33733,4.42633,3.27333,SF/SG,False,0.0556667,0.0,,fd,9.46912,32.9,39.3,45.9,49.3,56.005,62.7,1705485984000,20240117,0b598f24-b9c4-428b-84c1-e839ef6db536,8f5d9d88-b621-4ff2-9653-5f13965cec29,BOS vs SA
Cedi Osman,SF/PF,SA,BOS,16.6892,33.5447,13.7128,6.78433,1.889,2.40967,0.677,1.73267,0.111,0.453333,1.15267,0.489667,2.41067,1.32433,3.16,1.12267,1.10067,0.767667,SF/PF,False,0.000333333,0.0,,fd,5.65288,9.8,13.3,17.3,19.4,23.6,29.3,1705485984000,20240117,0b598f24-b9c4-428b-84c1-e839ef6db536,8f5d9d88-b621-4ff2-9653-5f13965cec29,SA vs BOS
Malaki Branham,SF/SG,SA,BOS,7.00889,14.1687,6.24783,3.58733,0.761667,1.05167,0.301667,0.75,0.0796667,0.13,0.498,0.373,1.93733,0.979333,1.266,0.426,0.439,0.350667,SF/SG,False,0.0,0.0,,fd,4.03829,3.2,5.7,8.7,10.215,13.7,18.101,1705485984000,20240117,0b598f24-b9c4-428b-84c1-e839ef6db536,8f5d9d88-b621-4ff2-9653-5f13965cec29,SA vs BOS
D'Angelo Russell,PG/SG,LAL,DAL,32.6518,67.7117,31.8878,16.3887,6.44033,2.958,0.531333,2.42667,0.499333,0.898,2.64333,1.903,6.49267,3.575,6.18067,2.417,2.526,1.98767,PG/SG,False,0.0986667,0.0,,fd,8.52653,25.9,31.6,37.7,40.8,46.3,52.901,1705485828000,20240117,0b598f24-b9c4-428b-84c1-e839ef6db536,b07bed5c-dd6b-48e9-9765-950f6c79d59e,LAL vs DAL
Austin Reaves,SF/SG,LAL,DAL,33.0322,68.3263,29.8772,15.34,5.398,3.91267,0.703667,3.209,0.223,0.892667,2.58733,1.602,5.82133,3.61933,4.363,1.663,3.59533,3.11233,SF/SG,False,0.044,0.001,,fd,8.44192,23.9,29.6,35.3,38.4,43.805,51.5,1705485828000,20240117,0b598f24-b9c4-428b-84c1-e839ef6db536,b07bed5c-dd6b-48e9-9765-950f6c79d59e,LAL vs DAL
Maxi Kleber,PF/C,DAL,LAL,16.4415,33.729,11.8327,4.426,1.289,3.03433,0.753667,2.28067,0.423333,0.330667,1.47533,0.43,1.09067,0.62,2.48933,0.887667,0.695,0.523,PF/C,False,0.000333333,0.0,,fd,5.46431,8.0,11.3,15.3,17.5,21.6,26.202,1705485828000,20240117,0b598f24-b9c4-428b-84c1-e839ef6db536,b07bed5c-dd6b-48e9-9765-950f6c79d59e,DAL vs LAL
Grant Williams,PF,DAL,LAL,24.0972,49.4917,14.9317,7.02333,1.49133,3.19367,0.815,2.37867,0.412667,0.446667,2.227,0.739,1.928,0.998333,3.73533,1.36,1.26,0.946667,PF,False,0.000666667,0.0,P,fd,6.05919,10.8,14.55,18.7,20.9,25.505,31.3,1705485828000,20240117,0b598f24-b9c4-428b-84c1-e839ef6db536,b07bed5c-dd6b-48e9-9765-950f6c79d59e,DAL vs LAL
Dereck Lively,C,DAL,LAL,28.8357,59.36,24.9465,8.26033,1.09867,8.38267,1.97367,6.409,1.13133,0.774667,2.42667,0.739,4.898,3.08267,0.945,0.338333,1.55067,1.08,C,False,0.129667,0.0,,fd,7.32849,19.8,24.6,29.7,32.3,37.6,43.8,1705485828000,20240117,0b598f24-b9c4-428b-84c1-e839ef6db536,b07bed5c-dd6b-48e9-9765-950f6c79d59e,DAL vs LAL
Jarred Vanderbilt,PF,LAL,DAL,17.4517,35.871,14.477,4.345,1.43467,4.40667,0.804333,3.60233,0.219333,0.865,1.49833,0.561,2.23233,1.38567,0.816,0.288,1.025,0.709667,PF,False,0.001,0.0,,fd,5.68682,10.4,14.0,18.1,20.2,24.6,29.9,1705485828000,20240117,0b598f24-b9c4-428b-84c1-e839ef6db536,b07bed5c-dd6b-48e9-9765-950f6c79d59e,LAL vs DAL
Anthony Davis,PF/C,LAL,DAL,37.7385,78.1383,54.5486,27.8183,3.31133,12.153,2.20567,9.94733,1.78033,1.31833,3.046,2.11633,17.212,10.269,1.29167,0.465333,7.42733,5.88433,PF/C,False,0.782,0.002,P,fd,10.9784,47.2,54.3,61.8,66.015,72.7,80.1,1705485828000,20240117,0b598f24-b9c4-428b-84c1-e839ef6db536,b07bed5c-dd6b-48e9-9765-950f6c79d59e,LAL vs DAL
LeBron James,SF/PF,LAL,DAL,35.7852,74.1787,48.1838,25.244,7.513,7.16667,1.302,5.86467,0.561333,1.358,2.82233,2.68767,12.708,7.74267,4.817,1.759,6.10433,4.48167,SF/PF,False,0.350333,0.0436667,Q,fd,10.0125,41.5,47.9,54.625,58.5,65.1,72.6,1705485828000,20240117,0b598f24-b9c4-428b-84c1-e839ef6db536,b07bed5c-dd6b-48e9-9765-950f6c79d59e,LAL vs DAL
Derrick Jones,SF/PF,DAL,LAL,29.7682,61.2043,22.1641,11.4663,0.578,3.894,0.925333,2.96867,0.889333,1.09367,2.587,0.791,4.415,2.636,4.03733,1.465,2.408,1.79933,SF/PF,False,0.004,0.0,P,fd,7.55095,16.7,21.6,27.0,30.0,35.405,41.4,1705485828000,20240117,0b598f24-b9c4-428b-84c1-e839ef6db536,b07bed5c-dd6b-48e9-9765-950f6c79d59e,DAL vs LAL
Tim Hardaway,SG/SF,DAL,LAL,28.0124,57.669,24.4604,16.8233,1.467,3.713,0.916333,2.79667,0.0956667,0.473333,2.58533,0.726,4.892,2.366,9.092,3.26433,2.89933,2.29833,SG/SF,False,0.005,0.0,,fd,7.62803,18.8,24.1,29.5,32.4,37.805,43.101,1705485828000,20240117,0b598f24-b9c4-428b-84c1-e839ef6db536,b07bed5c-dd6b-48e9-9765-950f6c79d59e,DAL vs LAL
Dwight Powell,C/PF,DAL,LAL,11.8444,24.3653,10.9239,3.887,0.994,3.05467,0.78,2.27467,0.218667,0.530333,1.123,0.366667,2.09733,1.382,0.253,0.0873333,1.17633,0.861,C/PF,False,0.0,0.0,,fd,5.09124,7.3,10.4,14.025,16.1,20.4,25.0,1705485828000,20240117,0b598f24-b9c4-428b-84c1-e839ef6db536,b07bed5c-dd6b-48e9-9765-950f6c79d59e,DAL vs LAL
Max Christie,SG,LAL,DAL,11.945,24.4887,9.36703,4.20633,1.06233,2.01433,0.360667,1.65367,0.202667,0.330667,1.001,0.45,1.62633,0.918,1.52,0.586667,0.786,0.610333,SG,False,0.0,0.0,,fd,4.77592,5.9,8.9,12.4,14.2,17.9,23.0,1705485828000,20240117,0b598f24-b9c4-428b-84c1-e839ef6db536,b07bed5c-dd6b-48e9-9765-950f6c79d59e,LAL vs DAL
Taurean Prince,SF/PF,LAL,DAL,33.0598,68.4353,19.5662,9.81867,1.853,3.145,0.594333,2.55067,0.54,0.803667,2.71733,0.837,2.769,1.46567,4.71067,1.92567,1.421,1.11033,SF/PF,False,0.0,0.0,,fd,6.94295,14.7,19.3,24.1,26.815,31.8,36.801,1705485828000,20240117,0b598f24-b9c4-428b-84c1-e839ef6db536,b07bed5c-dd6b-48e9-9765-950f6c79d59e,LAL vs DAL
Rui Hachimura,PF/SF,LAL,DAL,19.6966,40.4287,17.4549,10.3663,0.868333,3.22533,0.569333,2.656,0.302,0.535,1.62633,0.595333,5.17767,3.02633,2.343,0.887667,2.151,1.65067,PF/SF,False,0.001,0.0,,fd,6.38046,12.9,17.1,21.5,24.1,28.905,33.7,1705485828000,20240117,0b598f24-b9c4-428b-84c1-e839ef6db536,b07bed5c-dd6b-48e9-9765-950f6c79d59e,LAL vs DAL
Josh Green,SF/SG,DAL,LAL,29.8779,61.4347,18.0054,7.64033,2.49267,3.43033,0.820333,2.61,0.121333,1.00567,2.64767,0.871333,3.24867,1.80733,2.90667,1.06633,1.118,0.826667,SF/SG,False,0.000666667,0.0,,fd,6.64288,13.4,17.5,22.3,24.9,29.405,35.7,1705485828000,20240117,0b598f24-b9c4-428b-84c1-e839ef6db536,b07bed5c-dd6b-48e9-9765-950f6c79d59e,DAL vs LAL
Christian Wood,PF/C,LAL,DAL,19.6788,40.4263,20.4249,8.63033,1.61833,5.90533,1.04033,4.865,0.680667,0.354667,1.69833,0.825333,3.518,2.20233,2.27567,0.880667,2.20767,1.58367,PF/C,False,0.026,0.0,,fd,6.69384,15.8,20.1,24.7,27.215,32.0,38.202,1705485828000,20240117,0b598f24-b9c4-428b-84c1-e839ef6db536,b07bed5c-dd6b-48e9-9765-950f6c79d59e,LAL vs DAL
Luka Doncic,PG,DAL,LAL,36.5478,74.9983,58.5151,33.609,8.07833,8.668,2.09467,6.57333,0.514333,1.476,3.22233,3.584,14.0487,7.64933,10.6663,3.783,9.257,6.96133,PG,False,0.556333,0.124667,Q,fd,11.9243,50.7,58.45,66.5,70.815,77.705,85.001,1705485828000,20240117,0b598f24-b9c4-428b-84c1-e839ef6db536,b07bed5c-dd6b-48e9-9765-950f6c79d59e,DAL vs LAL
Kyrie Irving,PG/SG,DAL,LAL,35.6146,73.2943,43.2426,25.7247,4.77433,5.172,1.24067,3.93133,0.509,1.428,3.172,1.661,12.3703,6.54067,7.89933,2.98467,4.06067,3.68933,PG/SG,False,0.0666667,0.00133333,,fd,10.2965,36.175,42.9,49.8,53.8,60.905,68.7,1705485828000,20240117,0b598f24-b9c4-428b-84c1-e839ef6db536,b07bed5c-dd6b-48e9-9765-950f6c79d59e,DAL vs LAL
Killian Hayes,PG,DET,MIN,33.1771,64.5143,23.6215,8.16267,6.029,2.60833,0.716,1.89233,0.429667,1.155,2.735,1.46867,6.18533,2.69367,1.83233,0.573667,1.388,1.05433,PG,False,0.0316667,0.0,,fd,7.32152,18.7,23.25,28.5,31.2,35.9,41.701,1705485823000,20240117,0b598f24-b9c4-428b-84c1-e839ef6db536,ba7f8f0f-da1a-416b-994c-12f395cf36e7,DET vs MIN
Jaden McDaniels,SF/PF,MIN,DET,33.0917,63.915,21.7315,11.8033,1.764,2.36567,0.454,1.91167,0.730667,1.123,2.79867,1.11767,5.32733,3.28633,3.22833,1.281,1.82267,1.38767,SF/PF,False,0.000333333,0.0,,fd,7.28477,16.6,21.4,26.4,29.4,34.6,39.603,1705485823000,20240117,0b598f24-b9c4-428b-84c1-e839ef6db536,ba7f8f0f-da1a-416b-994c-12f395cf36e7,MIN vs DET
Isaiah Stewart,C/PF,DET,MIN,32.056,62.382,23.3129,10.3213,1.68967,6.662,1.86067,4.80133,0.659,0.606667,2.64333,1.33433,4.79267,2.45867,3.50633,1.269,2.13633,1.597,C/PF,False,0.074,0.0,,fd,7.19346,18.3,23.0,27.925,30.8,35.6,41.401,1705485823000,20240117,0b598f24-b9c4-428b-84c1-e839ef6db536,ba7f8f0f-da1a-416b-994c-12f395cf36e7,DET vs MIN
Nickeil Alexander-Walker,SG/SF,MIN,DET,17.599,33.807,14.2739,5.94967,2.03267,1.50133,0.295,1.20633,0.489667,0.881,1.533,0.638333,1.86267,1.03467,2.654,1.076,0.889,0.652333,SG/SF,False,0.0,0.0,,fd,6.084,9.9,13.8,18.125,20.415,24.6,31.4,1705485823000,20240117,0b598f24-b9c4-428b-84c1-e839ef6db536,ba7f8f0f-da1a-416b-994c-12f395cf36e7,MIN vs DET
Alec Burks,PG/SG,DET,MIN,23.0772,44.2447,21.3243,13.6223,1.73733,2.61167,0.748,1.86367,0.296333,0.738,1.88767,1.141,4.96067,2.08667,5.65833,2.119,3.68567,3.092,PG/SG,False,0.000333333,0.0,,fd,7.26463,16.1,21.0,25.9,28.7,34.1,39.9,1705485823000,20240117,0b598f24-b9c4-428b-84c1-e839ef6db536,ba7f8f0f-da1a-416b-994c-12f395cf36e7,DET vs MIN
Ausar Thompson,SF/SG,DET,MIN,20.9221,40.293,18.3671,5.79233,1.762,5.004,1.41,3.594,0.633,0.973667,1.691,0.893,3.83667,1.98233,0.841667,0.255,1.44333,1.06267,SF/SG,False,0.008,0.0,,fd,6.40982,13.8,18.0,22.5,25.0,29.5,35.3,1705485823000,20240117,0b598f24-b9c4-428b-84c1-e839ef6db536,ba7f8f0f-da1a-416b-994c-12f395cf36e7,DET vs MIN
Anthony Edwards,SG/SF,MIN,DET,35.6471,69.0197,44.0369,26.5443,4.96733,4.42267,0.837333,3.58533,0.627667,1.82467,2.99,2.62267,12.6653,6.99,5.99833,2.39467,6.63167,5.38033,SG/SF,False,0.0453333,0.000666667,Q,fd,10.295,36.7,43.6,50.8,54.515,61.8,69.501,1705485823000,20240117,0b598f24-b9c4-428b-84c1-e839ef6db536,ba7f8f0f-da1a-416b-994c-12f395cf36e7,MIN vs DET
Jaden Ivey,SG/PG,DET,MIN,31.8135,62.1733,31.2045,18.9937,4.61067,3.41233,0.976,2.43633,0.555,0.914333,2.76767,3.208,9.60433,4.73933,5.03633,1.72633,5.89533,4.336,SG/PG,False,0.0233333,0.0,,fd,8.74223,25.2,30.9,37.1,40.115,45.6,53.2,1705485823000,20240117,0b598f24-b9c4-428b-84c1-e839ef6db536,ba7f8f0f-da1a-416b-994c-12f395cf36e7,DET vs MIN
Mike Conley,PG,MIN,DET,30.0384,57.9167,26.5513,11.055,6.45067,2.34333,0.428,1.91533,0.115333,1.215,2.41967,0.982667,3.34,1.73133,4.71867,2.09133,1.56533,1.31833,PG,False,0.0716667,0.0,,fd,7.65396,21.2,26.3,31.5,34.3,39.9,45.7,1705485823000,20240117,0b598f24-b9c4-428b-84c1-e839ef6db536,ba7f8f0f-da1a-416b-994c-12f395cf36e7,MIN vs DET
Naz Reid,C/PF,MIN,DET,21.8832,42.241,24.4338,12.8817,1.643,4.533,0.853,3.68,0.722333,0.878,1.96167,1.153,4.79467,3.18433,4.01533,1.638,2.16333,1.599,C/PF,False,0.011,0.0,,fd,7.93107,18.7,23.7,29.4,32.5,38.8,45.9,1705485823000,20240117,0b598f24-b9c4-428b-84c1-e839ef6db536,ba7f8f0f-da1a-416b-994c-12f395cf36e7,MIN vs DET
Karl-Anthony Towns,PF/C,MIN,DET,32.6988,63.4117,38.4341,22.2817,3.033,7.818,1.44167,6.37633,0.561667,0.912,2.73267,2.19967,9.57767,5.902,4.53433,1.91967,5.476,4.71867,PF/C,False,0.266333,0.0,,fd,9.03787,32.0,38.35,44.3,48.0,53.505,60.201,1705485823000,20240117,0b598f24-b9c4-428b-84c1-e839ef6db536,ba7f8f0f-da1a-416b-994c-12f395cf36e7,MIN vs DET
Kyle Anderson,SF/PF,MIN,DET,19.8353,38.23,17.6666,5.72967,3.30667,3.23467,0.607333,2.62733,0.517333,0.793667,1.755,0.837667,3.778,2.194,0.379667,0.139,1.29433,0.924667,SF/PF,False,0.00166667,0.0,,fd,6.44002,13.3,17.1,21.6,24.1,28.9,35.001,1705485823000,20240117,0b598f24-b9c4-428b-84c1-e839ef6db536,ba7f8f0f-da1a-416b-994c-12f395cf36e7,MIN vs DET
Jalen Duren,C,DET,MIN,31.7805,62.2803,34.4014,14.98,2.821,10.476,2.84533,7.63067,0.752,0.714667,2.784,1.78133,10.098,6.122,0.299667,0.110333,3.43,2.405,C,False,0.520667,0.000666667,,fd,8.60454,28.5,34.2,39.9,43.4,48.7,56.202,1705485823000,20240117,0b598f24-b9c4-428b-84c1-e839ef6db536,ba7f8f0f-da1a-416b-994c-12f395cf36e7,DET vs MIN
Bojan Bogdanovic,SF/PF,DET,MIN,33.7814,65.873,27.699,18.9843,2.348,3.35167,0.960667,2.391,0.258,0.887,2.82933,2.26433,8.104,4.128,6.47667,2.49733,3.78667,3.23633,SF/PF,False,0.003,0.0,P,fd,8.49673,21.9,27.7,33.1,36.3,42.4,48.101,1705485823000,20240117,0b598f24-b9c4-428b-84c1-e839ef6db536,ba7f8f0f-da1a-416b-994c-12f395cf36e7,DET vs MIN
Rudy Gobert,C,MIN,DET,33.7877,65.5367,37.6526,13.749,1.63367,11.204,2.02733,9.17667,2.07667,1.02667,2.69033,1.30167,7.61833,5.473,0.00833333,0.00833333,4.45633,2.778,C,False,0.558333,0.0,,fd,8.91671,31.5,37.65,43.3,46.8,52.6,59.9,1705485823000,20240117,0b598f24-b9c4-428b-84c1-e839ef6db536,ba7f8f0f-da1a-416b-994c-12f395cf36e7,MIN vs DET
James Wiseman,C,DET,MIN,12.1437,23.464,11.6203,5.13033,0.692333,3.339,0.922667,2.41633,0.443333,0.247667,1.02533,0.628333,3.49167,1.96333,0.338667,0.103333,1.291,0.893667,C,False,0.000666667,0.0,,fd,5.24262,7.8,11.2,15.0,17.1,20.9,25.2,1705485823000,20240117,0b598f24-b9c4-428b-84c1-e839ef6db536,ba7f8f0f-da1a-416b-994c-12f395cf36e7,DET vs MIN
Kevin Knox,SF/PF,DET,MIN,12.1006,23.3803,9.55533,5.152,0.737333,1.77333,0.506,1.26733,0.208,0.361333,0.962333,0.538667,1.98267,1.09433,2.09233,0.730667,0.989333,0.771333,SF/PF,False,0.0,0.0,,fd,4.82529,6.0,9.2,12.7,14.7,18.2,22.7,1705485823000,20240117,0b598f24-b9c4-428b-84c1-e839ef6db536,ba7f8f0f-da1a-416b-994c-12f395cf36e7,DET vs MIN
Troy Brown,SF,MIN,DET,4.09598,7.84333,3.89093,1.89333,0.400667,0.619667,0.126333,0.493333,0.0426667,0.221333,0.356667,0.139,0.542667,0.326333,0.885,0.354667,0.216333,0.176667,SF,False,0.0,0.0,,fd,3.34958,1.2,3.0,6.0,7.4,10.2,13.702,1705485823000,20240117,0b598f24-b9c4-428b-84c1-e839ef6db536,ba7f8f0f-da1a-416b-994c-12f395cf36e7,MIN vs DET
Marcus Sasser,PG,DET,MIN,9.92288,19.17,9.7532,4.14067,2.01867,1.15267,0.316,0.836667,0.103333,0.493,0.822333,0.587667,1.83133,0.909667,1.51,0.571333,0.768,0.607333,PG,False,0.0,0.0,,fd,5.07686,6.0,9.4,12.725,15.0,19.005,23.2,1705485823000,20240117,0b598f24-b9c4-428b-84c1-e839ef6db536,ba7f8f0f-da1a-416b-994c-12f395cf36e7,DET vs MIN
Jordan McLaughlin,PG,MIN,DET,12.0977,23.4407,11.4811,4.48233,2.53767,0.929667,0.182667,0.747,0.101667,0.765667,1.09633,0.525333,1.748,1.011,1.629,0.651667,0.668667,0.505333,PG,False,0.000333333,0.0,,fd,5.50016,7.5,11.0,14.9,17.1,21.2,26.201,1705485823000,20240117,0b598f24-b9c4-428b-84c1-e839ef6db536,ba7f8f0f-da1a-416b-994c-12f395cf36e7,MIN vs DET
Anfernee Simons,SG/PG,POR,BKN,34.2068,67.8193,33.8854,23.0443,4.618,3.07033,0.817333,2.253,0.215,0.559667,2.70167,2.09433,9.45567,4.50333,9.471,3.66467,3.44733,3.04367,SG/PG,False,0.02,0.0,Q,fd,8.90689,27.7,33.6,39.9,43.5,49.1,54.601,1705485830000,20240117,e8810298-e270-4c6b-87a0-ad5c89f8b651,630ea198-10b0-4730-8dd7-1ae90e95a299,POR vs BKN
Malcolm Brogdon,PG/SG,POR,BKN,16.6623,32.7977,16.95,8.385,2.99533,2.66833,0.714333,1.954,0.104,0.434,1.26467,0.744,3.81133,1.839,2.79033,1.13333,1.56533,1.307,PG/SG,False,0.001,0.0,Q,fd,6.15498,12.475,16.6,21.1,23.5,27.705,32.102,1705485830000,20240117,e8810298-e270-4c6b-87a0-ad5c89f8b651,630ea198-10b0-4730-8dd7-1ae90e95a299,POR vs BKN
Scoot Henderson,PG,POR,BKN,33.1875,65.835,30.4447,16.9673,5.637,4.11433,1.093,3.02133,0.334333,0.776,2.68033,3.24633,10.019,4.25067,5.06567,1.84833,3.931,2.921,PG,False,0.054,0.0,,fd,8.41536,24.7,30.1,35.9,39.0,44.605,52.601,1705485830000,20240117,e8810298-e270-4c6b-87a0-ad5c89f8b651,630ea198-10b0-4730-8dd7-1ae90e95a299,POR vs BKN
Cameron Johnson,SF/PF,BKN,POR,29.0818,57.2633,27.0939,14.183,2.61167,4.60533,0.99,3.61533,0.313,1.13,2.24667,0.862,4.495,2.586,6.23033,2.431,2.12633,1.718,SF/PF,False,0.0156667,0.0,,fd,7.80995,21.7,26.8,32.4,35.3,40.305,45.904,1705485830000,20240117,e8810298-e270-4c6b-87a0-ad5c89f8b651,630ea198-10b0-4730-8dd7-1ae90e95a299,BKN vs POR
Spencer Dinwiddie,PG,BKN,POR,26.9115,52.7977,25.551,10.866,5.93233,3.42433,0.749,2.67533,0.22,0.713667,2.04233,1.12367,4.21867,2.21867,3.915,1.379,2.90967,2.29167,PG,False,0.0466667,0.000666667,,fd,7.20154,20.6,25.2,30.225,33.0,37.805,43.101,1705485830000,20240117,e8810298-e270-4c6b-87a0-ad5c89f8b651,630ea198-10b0-4730-8dd7-1ae90e95a299,BKN vs POR
Duop Reath,C,POR,BKN,13.4022,26.372,14.204,6.769,1.04567,3.21767,0.872667,2.345,0.398333,0.437667,1.06533,0.502667,2.78,1.5,2.488,0.916667,1.31467,1.019,C,False,0.000333333,0.0,,fd,5.87807,9.9,13.8,18.0,20.3,24.7,29.2,1705485830000,20240117,e8810298-e270-4c6b-87a0-ad5c89f8b651,630ea198-10b0-4730-8dd7-1ae90e95a299,POR vs BKN
Nic Claxton,C,BKN,POR,30.9835,61.0553,39.5752,14.0337,2.369,10.915,2.287,8.628,2.343,1.02033,2.399,1.2,8.563,6.04933,0.0263333,0.00966667,3.373,1.906,C,False,0.534333,0.0,,fd,9.31109,33.3,39.1,45.7,49.4,55.4,62.303,1705485830000,20240117,e8810298-e270-4c6b-87a0-ad5c89f8b651,630ea198-10b0-4730-8dd7-1ae90e95a299,BKN vs POR
Dorian Finney-Smith,SF/PF,BKN,POR,27.9555,54.9173,20.2337,8.392,1.82833,4.62767,0.990333,3.63733,0.617667,0.803333,2.07167,0.717,2.17933,1.25333,4.56367,1.76267,0.787,0.597333,SF/PF,False,0.007,0.0,,fd,6.98793,15.3,19.8,24.7,27.4,32.305,38.401,1705485830000,20240117,e8810298-e270-4c6b-87a0-ad5c89f8b651,630ea198-10b0-4730-8dd7-1ae90e95a299,BKN vs POR
Rayan Rupert,SG,POR,BKN,5.15612,10.1397,4.2513,1.68333,0.479,0.929,0.233333,0.695667,0.091,0.214667,0.397,0.182333,0.822,0.398333,0.531333,0.204,0.362667,0.274667,SG,False,0.0,0.0,,fd,3.32644,1.5,3.7,6.025,7.7,10.7,13.902,1705485830000,20240117,e8810298-e270-4c6b-87a0-ad5c89f8b651,630ea198-10b0-4730-8dd7-1ae90e95a299,POR vs BKN
Justin Minaya,SF,POR,BKN,4.25884,8.42933,3.7161,1.81467,0.387,0.744667,0.209667,0.535,0.097,0.116333,0.318,0.212667,0.732333,0.372333,0.718,0.276,0.328667,0.242,SF,False,0.0,0.0,,fd,3.17859,1.2,3.2,5.6,7.0,9.6,13.2,1705485830000,20240117,e8810298-e270-4c6b-87a0-ad5c89f8b651,630ea198-10b0-4730-8dd7-1ae90e95a299,POR vs BKN
Trendon Watford,PF,BKN,POR,10.872,21.4773,12.3988,5.37033,1.32033,2.833,0.650667,2.18233,0.312,0.444,0.919667,0.619667,2.939,1.79033,0.831,0.313667,1.10367,0.848667,PF,False,0.0,0.0,,fd,5.51744,8.5,12.0,15.8,18.2,22.5,26.802,1705485830000,20240117,e8810298-e270-4c6b-87a0-ad5c89f8b651,630ea198-10b0-4730-8dd7-1ae90e95a299,BKN vs POR
Jerami Grant,PF/SF,POR,BKN,34.1621,67.688,31.229,19.1263,2.462,4.06667,1.078,2.98867,0.902333,0.775667,2.727,1.50433,9.06567,4.395,5.29833,2.11333,4.871,3.99633,PF/SF,False,0.00733333,0.0,,fd,8.74223,25.3,30.6,36.7,40.5,46.4,54.003,1705485830000,20240117,e8810298-e270-4c6b-87a0-ad5c89f8b651,630ea198-10b0-4730-8dd7-1ae90e95a299,POR vs BKN
Dennis Smith,PG,BKN,POR,25.9322,51.084,27.2467,9.59033,5.44833,4.27267,0.985667,3.287,0.423333,1.50167,2.13567,1.41833,5.869,3.07933,1.90633,0.621333,2.10333,1.56767,PG,False,0.0283333,0.0,,fd,7.60498,21.8,26.9,32.125,35.1,40.2,46.501,1705485830000,20240117,e8810298-e270-4c6b-87a0-ad5c89f8b651,630ea198-10b0-4730-8dd7-1ae90e95a299,BKN vs POR
Deandre Ayton,C,POR,BKN,30.2545,59.997,30.2634,11.7457,1.50867,10.8187,2.834,7.98467,0.737,0.746333,2.31333,1.17767,8.98033,5.12033,0.00966667,0.004,1.989,1.493,C,False,0.442333,0.0,P,fd,7.68641,25.0,30.0,35.3,38.0,43.8,49.905,1705485830000,20240117,e8810298-e270-4c6b-87a0-ad5c89f8b651,630ea198-10b0-4730-8dd7-1ae90e95a299,POR vs BKN
Lonnie Walker,SG/SF,BKN,POR,8.75309,17.33,9.4622,5.873,0.68,1.15933,0.273,0.886333,0.204,0.337667,0.711333,0.447,2.13667,1.186,2.259,0.885333,1.049,0.845,SG/SF,False,0.0,0.0,,fd,5.18566,5.7,8.9,12.7,14.9,18.6,23.701,1705485830000,20240117,e8810298-e270-4c6b-87a0-ad5c89f8b651,630ea198-10b0-4730-8dd7-1ae90e95a299,BKN vs POR
Toumani Camara,SF/PF,POR,BKN,24.3095,48.2433,16.5852,5.474,1.23833,4.73333,1.27067,3.46267,0.507333,0.914333,1.908,0.691333,2.55033,1.29567,2.045,0.702667,1.057,0.774667,SF/PF,False,0.00266667,0.0,,fd,6.12572,12.2,16.2,20.5,23.0,27.105,32.8,1705485830000,20240117,e8810298-e270-4c6b-87a0-ad5c89f8b651,630ea198-10b0-4730-8dd7-1ae90e95a299,POR vs BKN
Cam Thomas,SG/SF,BKN,POR,27.721,54.553,27.6123,19.3973,2.18467,2.97633,0.666667,2.30967,0.321333,0.688,2.253,1.66167,10.6347,5.415,4.716,1.69367,4.31233,3.48633,SG/SF,False,0.000666667,0.0,,fd,7.90569,22.1,27.3,32.9,35.9,40.9,47.402,1705485830000,20240117,e8810298-e270-4c6b-87a0-ad5c89f8b651,630ea198-10b0-4730-8dd7-1ae90e95a299,BKN vs POR
Jabari Walker,SF/PF,POR,BKN,18.7372,36.9843,18.2478,6.89667,1.26633,5.85833,1.544,4.31433,0.407333,0.632,1.48233,0.696333,3.57133,1.94,1.52333,0.531,1.836,1.42367,SF/PF,False,0.0163333,0.0,,fd,6.25271,13.8,17.8,22.1,24.8,29.2,35.402,1705485830000,20240117,e8810298-e270-4c6b-87a0-ad5c89f8b651,630ea198-10b0-4730-8dd7-1ae90e95a299,POR vs BKN
Mikal Bridges,SG/SF,BKN,POR,35.0907,69.0557,37.2138,21.4693,3.96433,5.483,1.17233,4.31067,0.537,1.14,2.743,1.81267,10.5487,5.852,5.30033,1.94467,4.539,3.93133,SG/SF,False,0.0636667,0.00166667,,fd,9.0144,30.9,36.7,43.2,46.6,52.605,58.9,1705485830000,20240117,e8810298-e270-4c6b-87a0-ad5c89f8b651,630ea198-10b0-4730-8dd7-1ae90e95a299,BKN vs POR
Kris Murray,SF,POR,BKN,14.4834,28.5423,12.4849,4.87733,1.21533,2.89967,0.790667,2.109,0.301,0.623333,1.132,0.468,2.03533,1.00667,1.877,0.708667,0.935,0.738,SF,False,0.0,0.0,,fd,5.47692,8.6,11.95,15.9,18.1,22.2,27.1,1705485830000,20240117,e8810298-e270-4c6b-87a0-ad5c89f8b651,630ea198-10b0-4730-8dd7-1ae90e95a299,POR vs BKN
Royce O'Neale,SF/PF,BKN,POR,17.723,34.878,14.886,5.39167,2.168,3.36667,0.768333,2.59833,0.409333,0.568667,1.46,0.731667,1.07633,0.565,3.344,1.26333,0.631667,0.471667,SF/PF,False,0.000666667,0.0,,fd,6.07368,10.6,14.4,18.8,21.015,25.9,30.101,1705485830000,20240117,e8810298-e270-4c6b-87a0-ad5c89f8b651,630ea198-10b0-4730-8dd7-1ae90e95a299,BKN vs POR
Matisse Thybulle,SF,POR,BKN,12.2036,24.072,9.81967,3.34333,0.688667,1.33167,0.350333,0.981333,0.496333,0.873,0.964333,0.262667,0.844,0.467,1.70967,0.681,0.492667,0.366333,SF,False,0.0,0.0,,fd,5.18942,6.0,9.2,13.2,15.2,19.1,23.7,1705485830000,20240117,e8810298-e270-4c6b-87a0-ad5c89f8b651,630ea198-10b0-4730-8dd7-1ae90e95a299,POR vs BKN
Trayce Jackson-Davis,PF/C,GS,UTA,10.8255,21.9047,13.1862,5.31633,1.44267,3.06767,0.819333,2.24833,0.458333,0.349333,0.919333,0.398333,2.954,1.91,0.533,0.189667,1.30533,0.927333,PF/C,False,0.000666667,0.0,,fd,5.77279,9.1,12.55,16.9,19.3,23.405,28.902,1705485857000,20240117,e8810298-e270-4c6b-87a0-ad5c89f8b651,ba7f7392-7a94-4cc8-b4d3-13cc21e33c2d,GS vs UTA
Cory Joseph,PG,GS,UTA,3.95162,7.90267,4.23333,2.16067,0.682,0.403333,0.105667,0.297667,0.0503333,0.218333,0.358333,0.240333,0.824333,0.423,0.921667,0.354667,0.316667,0.250667,PG,False,0.0,0.0,,fd,3.56566,1.5,3.5,6.2,7.7,10.9,15.0,1705485857000,20240117,e8810298-e270-4c6b-87a0-ad5c89f8b651,ba7f7392-7a94-4cc8-b4d3-13cc21e33c2d,GS vs UTA
Klay Thompson,SG,GS,UTA,33.9144,68.3807,28.7117,18.6983,2.38333,2.93,0.798,2.132,0.622333,0.789667,3.0,1.31367,5.857,2.883,9.28667,3.74633,1.95667,1.69333,SG,False,0.00166667,0.0,,fd,8.62509,22.7,28.5,34.2,37.5,43.5,50.204,1705485857000,20240117,e8810298-e270-4c6b-87a0-ad5c89f8b651,ba7f7392-7a94-4cc8-b4d3-13cc21e33c2d,GS vs UTA
Kevon Looney,C,GS,UTA,19.7721,39.7683,18.3369,4.84433,2.40133,5.963,1.54533,4.41767,0.543667,0.527667,1.67467,0.479,3.22633,1.984,0.117667,0.0443333,1.11367,0.743333,C,False,0.00466667,0.0,,fd,5.71235,14.375,17.9,22.0,24.015,28.3,33.501,1705485857000,20240117,e8810298-e270-4c6b-87a0-ad5c89f8b651,ba7f7392-7a94-4cc8-b4d3-13cc21e33c2d,GS vs UTA
Jordan Clarkson,PG/SG,UTA,GS,27.9544,56.6293,29.8664,17.4707,4.76067,3.382,0.854333,2.52767,0.217,0.859,2.13733,2.03167,7.698,4.263,5.63667,1.96333,3.58933,3.05467,PG/SG,False,0.023,0.0,,fd,8.14846,24.2,29.6,35.4,38.3,43.605,50.903,1705485857000,20240117,e8810298-e270-4c6b-87a0-ad5c89f8b651,ba7f7392-7a94-4cc8-b4d3-13cc21e33c2d,UTA vs GS
Walker Kessler,C,UTA,GS,21.7346,43.909,23.4688,7.563,0.890333,6.785,1.65033,5.13467,1.82533,0.503667,1.59833,0.558667,4.42733,3.14833,0.305667,0.113667,1.52067,0.925333,C,False,0.043,0.0,,fd,7.38438,18.3,23.2,28.2,31.1,36.305,42.501,1705485857000,20240117,e8810298-e270-4c6b-87a0-ad5c89f8b651,ba7f7392-7a94-4cc8-b4d3-13cc21e33c2d,UTA vs GS
Brandin Podziemski,SG/SF,GS,UTA,26.008,52.4473,25.1574,9.22733,3.813,5.56967,1.52867,4.041,0.214667,1.25267,2.306,0.875,4.202,2.22733,3.332,1.28033,1.28,0.931667,SG/SF,False,0.0253333,0.0,,fd,7.19714,20.0,24.8,29.7,32.8,37.5,43.405,1705485857000,20240117,e8810298-e270-4c6b-87a0-ad5c89f8b651,ba7f7392-7a94-4cc8-b4d3-13cc21e33c2d,GS vs UTA
Andrew Wiggins,SF/PF,GS,UTA,30.8845,62.162,22.7009,11.7293,1.96933,4.09433,1.119,2.97533,0.607333,0.695333,2.709,0.803667,6.962,3.707,2.73767,0.963,2.173,1.42633,SF/PF,False,0.006,0.0,,fd,7.30995,17.5,22.2,27.7,30.2,35.4,41.501,1705485857000,20240117,e8810298-e270-4c6b-87a0-ad5c89f8b651,ba7f7392-7a94-4cc8-b4d3-13cc21e33c2d,GS vs UTA
Kelly Olynyk,C/PF,UTA,GS,17.3386,35.084,19.2592,6.486,3.618,4.346,1.07733,3.26867,0.324667,0.748333,1.38033,1.088,2.681,1.62333,1.74833,0.663333,1.48467,1.24933,C/PF,False,0.004,0.0,,fd,6.80695,14.5,18.6,23.525,26.6,31.405,36.9,1705485857000,20240117,e8810298-e270-4c6b-87a0-ad5c89f8b651,ba7f7392-7a94-4cc8-b4d3-13cc21e33c2d,UTA vs GS
Ochai Agbaji,SG,UTA,GS,18.4365,37.1803,13.2798,6.418,1.17967,2.11967,0.517667,1.602,0.406,0.614667,1.37733,0.513333,2.036,1.21233,2.936,1.067,0.999333,0.792333,SG,False,0.0,0.0,,fd,5.75511,9.2,12.8,16.9,19.3,23.4,28.4,1705485857000,20240117,e8810298-e270-4c6b-87a0-ad5c89f8b651,ba7f7392-7a94-4cc8-b4d3-13cc21e33c2d,UTA vs GS
Stephen Curry,PG,GS,UTA,32.7827,66.2,43.9355,27.403,6.722,3.75767,0.989667,2.768,0.594667,0.921,2.897,2.60667,8.38433,4.73333,11.8837,4.62133,4.41667,4.07233,PG,False,0.145333,0.000666667,,fd,10.2008,36.7,43.6,50.0,54.1,61.2,70.004,1705485857000,20240117,e8810298-e270-4c6b-87a0-ad5c89f8b651,ba7f7392-7a94-4cc8-b4d3-13cc21e33c2d,GS vs UTA
Lester Quinones,SG,GS,UTA,3.08878,6.268,3.59107,1.768,0.432,0.508667,0.132667,0.376,0.0506667,0.199333,0.255,0.185333,0.677,0.366667,0.687,0.258667,0.338667,0.258667,SG,False,0.0,0.0,,fd,3.31879,1.2,3.0,5.5,7.2,10.0,13.7,1705485857000,20240117,e8810298-e270-4c6b-87a0-ad5c89f8b651,ba7f7392-7a94-4cc8-b4d3-13cc21e33c2d,GS vs UTA
Dario Saric,PF/C,GS,UTA,27.7528,55.903,27.7077,13.422,3.06767,6.586,1.74233,4.84367,0.234,0.835333,2.43133,1.427,5.09667,3.007,4.61967,1.80067,2.43967,2.006,PF/C,False,0.0983333,0.000333333,,fd,7.77707,22.2,27.4,32.9,36.215,40.9,45.802,1705485857000,20240117,e8810298-e270-4c6b-87a0-ad5c89f8b651,ba7f7392-7a94-4cc8-b4d3-13cc21e33c2d,GS vs UTA
Kris Dunn,PG/SG,UTA,GS,22.8343,46.4987,21.6816,6.42733,5.19633,3.274,0.764333,2.50967,0.513333,0.943333,1.626,0.839,3.63067,2.03667,1.322,0.505,1.07733,0.839,PG/SG,False,0.00433333,0.0,,fd,6.4629,17.1,21.1,25.7,28.3,33.0,38.303,1705485857000,20240117,e8810298-e270-4c6b-87a0-ad5c89f8b651,ba7f7392-7a94-4cc8-b4d3-13cc21e33c2d,UTA vs GS
Collin Sexton,SG/PG,UTA,GS,26.5211,53.8303,31.4765,19.8117,4.63333,2.55433,0.599,1.95533,0.275,0.856333,1.90333,1.74433,9.497,5.51633,3.94067,1.507,4.99467,4.258,SG/PG,False,0.0193333,0.0,,fd,8.33003,25.6,31.2,37.0,40.1,45.6,52.101,1705485857000,20240117,e8810298-e270-4c6b-87a0-ad5c89f8b651,ba7f7392-7a94-4cc8-b4d3-13cc21e33c2d,UTA vs GS
John Collins,PF/C,UTA,GS,25.6172,52.0467,25.4953,12.2917,1.63567,6.13567,1.47667,4.659,0.681,0.744667,1.74367,0.889667,5.86767,3.60967,3.043,1.12633,2.14433,1.69333,PF/C,False,0.0566667,0.0,,fd,7.26316,20.5,25.2,30.3,33.1,37.7,43.6,1705485857000,20240117,e8810298-e270-4c6b-87a0-ad5c89f8b651,ba7f7392-7a94-4cc8-b4d3-13cc21e33c2d,UTA vs GS
Keyonte George,PG/SG,UTA,GS,24.1468,48.866,23.3499,12.8343,3.803,3.23033,0.812,2.41833,0.136333,0.718667,1.88767,1.63033,4.15967,2.19633,5.22433,1.88533,3.516,2.78567,PG/SG,False,0.00433333,0.0,,fd,7.46508,18.1,23.0,28.1,30.8,36.1,43.001,1705485857000,20240117,e8810298-e270-4c6b-87a0-ad5c89f8b651,ba7f7392-7a94-4cc8-b4d3-13cc21e33c2d,UTA vs GS
Lauri Markkanen,PF/SF,UTA,GS,31.8476,64.8027,43.2832,26.165,2.247,8.622,2.10867,6.51333,0.614333,0.920667,2.327,1.20367,8.94033,5.584,8.61667,3.42667,5.338,4.717,PF/SF,False,0.366667,0.0,,fd,9.59023,36.5,42.8,49.6,53.5,59.9,66.1,1705485857000,20240117,e8810298-e270-4c6b-87a0-ad5c89f8b651,ba7f7392-7a94-4cc8-b4d3-13cc21e33c2d,UTA vs GS
Jonathan Kuminga,SF/PF,GS,UTA,27.0848,54.8153,28.4064,15.391,2.43167,5.07767,1.42433,3.65333,0.511667,1.00167,2.43367,1.26533,7.86467,4.705,2.847,1.03167,4.065,2.886,SF/PF,False,0.0283333,0.0,,fd,7.76725,23.0,28.2,33.5,36.6,41.705,47.2,1705485857000,20240117,e8810298-e270-4c6b-87a0-ad5c89f8b651,ba7f7392-7a94-4cc8-b4d3-13cc21e33c2d,GS vs UTA
Draymond Green,PF/C,GS,UTA,25.035,50.618,27.4612,9.33167,6.28867,5.12433,1.39233,3.732,0.680333,0.928,2.21833,2.27767,4.622,2.61867,2.53767,0.909,1.842,1.36733,PF/C,False,0.0576667,0.00166667,,fd,7.77947,22.0,27.2,32.725,35.8,40.6,46.401,1705485857000,20240117,e8810298-e270-4c6b-87a0-ad5c89f8b651,ba7f7392-7a94-4cc8-b4d3-13cc21e33c2d,GS vs UTA
Simone Fontecchio,SF,UTA,GS,24.6691,50.123,16.6555,7.778,1.79367,2.845,0.655,2.19,0.373333,0.787,1.75367,0.708,2.41067,1.29667,3.864,1.43733,1.113,0.872667,SF,False,0.000333333,0.0,,fd,6.35977,11.9,16.2,20.9,23.4,28.3,31.901,1705485857000,20240117,e8810298-e270-4c6b-87a0-ad5c89f8b651,ba7f7392-7a94-4cc8-b4d3-13cc21e33c2d,UTA vs GS
